,Alt_ID,in_degree,out_degree,out/in
IKZF1,IKZF1,1.0,11.0,11.0
SNAI2,SNAI2,1.0,11.0,11.0
GMEB2,GMEB2,1.0,9.0,9.0
MEIS1,MEIS1,1.0,8.0,8.0
FLI1,FLI1,1.0,7.0,7.0
ELK4,ELK4,2.0,14.0,7.0
HOXB6,HOXB6,1.0,7.0,7.0
HES1,HES1,2.0,13.0,6.5
EBF1,EBF1,2.0,11.0,5.5
PEG10,PEG10,1.0,5.0,5.0
MEF2D,MEF2D,3.0,15.0,5.0
CREB1,CREB1,3.0,15.0,5.0
EPAS1,EPAS1,1.0,5.0,5.0
ZIC2,ZIC2,2.0,9.0,4.5
IRF4,IRF4,2.0,9.0,4.5
AHR,AHR,3.0,13.0,4.333333333333333
NFE2L1,NFE2L1,2.0,8.0,4.0
CLOCK,CLOCK,2.0,8.0,4.0
ETV3,ETV3,3.0,11.0,3.6666666666666665
MGA,MGA,3.0,11.0,3.6666666666666665
RARA,RARA,5.0,18.0,3.6
NF1,NF1,2.0,7.0,3.5
ETV1,ETV1,2.0,7.0,3.5
GLI1,GLI1,2.0,7.0,3.5
TCF7L2,TCF7L2,2.0,7.0,3.5
FOXC1,FOXC1,5.0,17.0,3.4
REST,REST,3.0,10.0,3.3333333333333335
ZBED6,ZBED6,4.0,13.0,3.25
ATF1,ATF1,2.0,6.0,3.0
FOXO3,FOXO3,3.0,9.0,3.0
GFI1,GFI1,2.0,6.0,3.0
FOXM1,FOXM1,3.0,9.0,3.0
TFE3,TFE3,1.0,3.0,3.0
ARID5A,ARID5A,4.0,12.0,3.0
ZNF143,ZNF143,4.0,12.0,3.0
LBX2,LBX2,4.0,12.0,3.0
ZBTB4,ZBTB4,3.0,8.0,2.6666666666666665
GTF2A1,GTF2A1,3.0,8.0,2.6666666666666665
JUN,JUN,3.0,8.0,2.6666666666666665
PRDM1,PRDM1,3.0,8.0,2.6666666666666665
LHX6,LHX6,3.0,8.0,2.6666666666666665
RFX7,RFX7,3.0,8.0,2.6666666666666665
NFAT5,NFAT5,5.0,13.0,2.6
ARNT,ARNT,2.0,5.0,2.5
BDP1,BDP1,2.0,5.0,2.5
HIF1A,HIF1A,2.0,5.0,2.5
PRRX1,PRRX1,6.0,15.0,2.5
NR2F2,NR2F2,6.0,15.0,2.5
ZKSCAN3,ZKSCAN3,2.0,5.0,2.5
HMGA2,HMGA2,2.0,5.0,2.5
NFE2L2,NFE2L2,2.0,5.0,2.5
RUNX1,RUNX1,5.0,12.0,2.4
ELF1,ELF1,3.0,7.0,2.3333333333333335
HIVEP2,HIVEP2,3.0,7.0,2.3333333333333335
ZBTB7A,ZBTB7A,3.0,7.0,2.3333333333333335
PARP1,PARP1,4.0,9.0,2.25
GTF2I,GTF2I,4.0,9.0,2.25
SF1,SF1,4.0,9.0,2.25
BHLHE40,BHLHE40,4.0,9.0,2.25
CUX1,CUX1,5.0,10.0,2.0
DR1,DR1,2.0,4.0,2.0
MYB,MYB,2.0,4.0,2.0
HOXA6,HOXA6,2.0,4.0,2.0
NFIL3,NFIL3,4.0,8.0,2.0
PAX5,PAX5,2.0,4.0,2.0
TCF4,TCF4,2.0,4.0,2.0
TCF7,TCF7,3.0,6.0,2.0
TEAD1,TEAD1,5.0,10.0,2.0
GMEB1,GMEB1,4.0,8.0,2.0
HBP1,HBP1,3.0,6.0,2.0
FOXL1,FOXL1,2.0,4.0,2.0
MAFF,MAFF,3.0,6.0,2.0
KLF12,KLF12,4.0,8.0,2.0
ETV6,ETV6,4.0,8.0,2.0
ZFX,ZFX,3.0,6.0,2.0
GTF2IRD1,GTF2IRD1,3.0,6.0,2.0
IKZF3,IKZF3,4.0,8.0,2.0
PROX1,PROX1,2.0,4.0,2.0
NR3C1,NR3C1,5.0,9.0,1.8
ZBTB14,ZBTB14,5.0,9.0,1.8
ESRRA,ESRRA,5.0,9.0,1.8
STAT4,STAT4,4.0,7.0,1.75
ELF4,ELF4,4.0,7.0,1.75
LEF1,LEF1,4.0,7.0,1.75
GRHL1,GRHL1,4.0,7.0,1.75
SOX4,SOX4,4.0,7.0,1.75
SP1,SP1,4.0,7.0,1.75
CREB3L2,CREB3L2,4.0,7.0,1.75
CNOT3,CNOT3,3.0,5.0,1.6666666666666667
NFATC2,NFATC2,3.0,5.0,1.6666666666666667
KLF13,KLF13,3.0,5.0,1.6666666666666667
NR2F1,NR2F1,3.0,5.0,1.6666666666666667
POLR3A,POLR3A,3.0,5.0,1.6666666666666667
ZBTB18,ZBTB18,3.0,5.0,1.6666666666666667
REL,REL,3.0,5.0,1.6666666666666667
ZNF384,ZNF384,3.0,5.0,1.6666666666666667
EOMES,EOMES,3.0,5.0,1.6666666666666667
KLF7,KLF7,3.0,5.0,1.6666666666666667
FOXC2,FOXC2,3.0,5.0,1.6666666666666667
MAF,MAF,5.0,8.0,1.6
DLX5,DLX5,5.0,8.0,1.6
IKZF2,IKZF2,6.0,9.0,1.5
RXRA,RXRA,4.0,6.0,1.5
RFX3,RFX3,4.0,6.0,1.5
HOXD3,HOXD3,4.0,6.0,1.5
HMGA1,HMGA1,6.0,9.0,1.5
PURA,PURA,2.0,3.0,1.5
GLI3,GLI3,2.0,3.0,1.5
ETV5,ETV5,2.0,3.0,1.5
SIRT6,SIRT6,4.0,6.0,1.5
NR3C2,NR3C2,2.0,3.0,1.5
FOSL1,FOSL1,4.0,6.0,1.5
ATF3,ATF3,2.0,3.0,1.5
RUNX3,RUNX3,2.0,3.0,1.5
GLIS3,GLIS3,2.0,3.0,1.5
SOX9,SOX9,7.0,10.0,1.4285714285714286
TCF21,TCF21,5.0,7.0,1.4
ERG,ERG,5.0,7.0,1.4
E2F3,E2F3,5.0,7.0,1.4
JDP2,JDP2,5.0,7.0,1.4
TFCP2,TFCP2,3.0,4.0,1.3333333333333333
PBX1,PBX1,3.0,4.0,1.3333333333333333
ZNF8,ZNF8,3.0,4.0,1.3333333333333333
BPTF,BPTF,3.0,4.0,1.3333333333333333
HNF1A,HNF1A,3.0,4.0,1.3333333333333333
ELK3,ELK3,6.0,8.0,1.3333333333333333
PATZ1,PATZ1,3.0,4.0,1.3333333333333333
PEBP1,PEBP1,3.0,4.0,1.3333333333333333
IRF1,IRF1,4.0,5.0,1.25
SP3,SP3,4.0,5.0,1.25
ZNF282,ZNF282,4.0,5.0,1.25
TERF1,TERF1,4.0,5.0,1.25
HOXA11,HOXA11,4.0,5.0,1.25
ARID3A,ARID3A,5.0,6.0,1.2
MECOM,MECOM,5.0,6.0,1.2
TFAP2A,TFAP2A,10.0,12.0,1.2
TBX20,TBX20,5.0,6.0,1.2
NFYA,NFYA,5.0,6.0,1.2
SMAD3,SMAD3,5.0,6.0,1.2
E2F7,E2F7,5.0,6.0,1.2
RARB,RARB,6.0,7.0,1.1666666666666667
FOXF2,FOXF2,11.0,12.0,1.0909090909090908
PLAG1,PLAG1,2.0,2.0,1.0
PKNOX1,PKNOX1,3.0,3.0,1.0
BACH2,BACH2,3.0,3.0,1.0
NR4A2,NR4A2,2.0,2.0,1.0
SIX4,SIX4,3.0,3.0,1.0
MEF2A,MEF2A,4.0,4.0,1.0
FOXJ2,FOXJ2,3.0,3.0,1.0
TFAP2C,TFAP2C,4.0,4.0,1.0
ZNF217,ZNF217,7.0,7.0,1.0
SP100,SP100,3.0,3.0,1.0
MECP2,MECP2,3.0,3.0,1.0
BACH1,BACH1,3.0,3.0,1.0
POU2F1,POU2F1,4.0,4.0,1.0
IRF2,IRF2,4.0,4.0,1.0
HOXA1,HOXA1,5.0,5.0,1.0
STAT6,STAT6,8.0,8.0,1.0
TBX19,TBX19,2.0,2.0,1.0
STAT3,STAT3,4.0,4.0,1.0
MEIS2,MEIS2,13.0,13.0,1.0
RARG,RARG,5.0,5.0,1.0
SMAD4,SMAD4,4.0,4.0,1.0
TCF3,TCF3,7.0,7.0,1.0
RREB1,RREB1,5.0,5.0,1.0
RORA,RORA,4.0,4.0,1.0
CTCF,CTCF,3.0,3.0,1.0
ELF3,ELF3,5.0,5.0,1.0
CEBPB,CEBPB,9.0,8.0,0.8888888888888888
FOS,FOS,8.0,7.0,0.875
IRF6,IRF6,6.0,5.0,0.8333333333333334
EHF,EHF,6.0,5.0,0.8333333333333334
MESP1,MESP1,5.0,4.0,0.8
GATA3,GATA3,10.0,8.0,0.8
CENPB,CENPB,5.0,4.0,0.8
RUNX2,RUNX2,5.0,4.0,0.8
ZNF281,ZNF281,5.0,4.0,0.8
GATA6,GATA6,5.0,4.0,0.8
MAFA,MAFA,4.0,3.0,0.75
ELF2,ELF2,4.0,3.0,0.75
XBP1,XBP1,4.0,3.0,0.75
SREBF2,SREBF2,4.0,3.0,0.75
ZNF524,ZNF524,8.0,6.0,0.75
ZBTB6,ZBTB6,4.0,3.0,0.75
ETS2,ETS2,10.0,7.0,0.7
TBX21,TBX21,3.0,2.0,0.6666666666666666
ATF2,ATF2,3.0,2.0,0.6666666666666666
FOXP3,FOXP3,3.0,2.0,0.6666666666666666
HOXD11,HOXD11,12.0,8.0,0.6666666666666666
STAT5B,STAT5B,6.0,4.0,0.6666666666666666
SPIB,SPIB,3.0,2.0,0.6666666666666666
EP300,EP300,3.0,2.0,0.6666666666666666
STAT5A,STAT5A,6.0,4.0,0.6666666666666666
IRF8,IRF8,9.0,6.0,0.6666666666666666
NKX3-2,NKX3-2,6.0,4.0,0.6666666666666666
SMAD1,SMAD1,8.0,5.0,0.625
E2F2,E2F2,13.0,8.0,0.6153846153846154
PKNOX2,PKNOX2,5.0,3.0,0.6
ATF7,ATF7,5.0,3.0,0.6
BRCA1,BRCA1,5.0,3.0,0.6
ZNF350,ZNF350,5.0,3.0,0.6
SOX5,SOX5,5.0,3.0,0.6
DDIT3,DDIT3,7.0,4.0,0.5714285714285714
SOX12,SOX12,7.0,4.0,0.5714285714285714
VENTX,VENTX,7.0,4.0,0.5714285714285714
NFKB1,NFKB1,9.0,5.0,0.5555555555555556
FOXA3,FOXA3,4.0,2.0,0.5
SOX17,SOX17,2.0,1.0,0.5
VBP1,VBP1,6.0,3.0,0.5
GABPA,GABPA,4.0,2.0,0.5
ELK1,ELK1,4.0,2.0,0.5
RELA,RELA,4.0,2.0,0.5
HOXD1,HOXD1,4.0,2.0,0.5
CEBPG,CEBPG,4.0,2.0,0.5
ZNF35,ZNF35,2.0,1.0,0.5
BBX,BBX,2.0,1.0,0.5
SOX7,SOX7,2.0,1.0,0.5
ZNF148,ZNF148,2.0,1.0,0.5
NKX3-1,NKX3-1,2.0,1.0,0.5
RFX5,RFX5,2.0,1.0,0.5
MTF1,MTF1,4.0,2.0,0.5
FOXD2,FOXD2,6.0,3.0,0.5
HOXB8,HOXB8,4.0,2.0,0.5
SOX13,SOX13,11.0,5.0,0.45454545454545453
HSF2,HSF2,5.0,2.0,0.4
PRRX2,PRRX2,5.0,2.0,0.4
LHX1,LHX1,5.0,2.0,0.4
NR2F6,NR2F6,10.0,4.0,0.4
KLF4,KLF4,5.0,2.0,0.4
MAZ,MAZ,6.0,2.0,0.3333333333333333
ZNF740,ZNF740,6.0,2.0,0.3333333333333333
NR5A2,NR5A2,3.0,1.0,0.3333333333333333
BATF3,BATF3,6.0,2.0,0.3333333333333333
PRDM4,PRDM4,3.0,1.0,0.3333333333333333
SATB1,SATB1,3.0,1.0,0.3333333333333333
GSC,GSC,6.0,2.0,0.3333333333333333
ZBTB33,ZBTB33,3.0,1.0,0.3333333333333333
HENMT1,HENMT1,7.0,2.0,0.2857142857142857
TCF7L1,TCF7L1,7.0,2.0,0.2857142857142857
SP4,SP4,8.0,2.0,0.25
PHOX2A,PHOX2A,4.0,1.0,0.25
MAFB,MAFB,4.0,1.0,0.25
EMX1,EMX1,4.0,1.0,0.25
CEBPZ,CEBPZ,4.0,1.0,0.25
ETS1,ETS1,4.0,1.0,0.25
E2F6,E2F6,4.0,1.0,0.25
HLTF,HLTF,4.0,1.0,0.25
TBX18,TBX18,14.0,3.0,0.21428571428571427
IRX3,IRX3,5.0,1.0,0.2
GLI2,GLI2,5.0,1.0,0.2
EWSR1,EWSR1,5.0,1.0,0.2
MEIS3,MEIS3,21.0,4.0,0.19047619047619047
KLF15,KLF15,6.0,1.0,0.16666666666666666
SRF,SRF,6.0,1.0,0.16666666666666666
FOXO4,FOXO4,6.0,1.0,0.16666666666666666
BCL6B,BCL6B,7.0,1.0,0.14285714285714285
MYBL1,MYBL1,7.0,1.0,0.14285714285714285
ZNF691,ZNF691,22.0,3.0,0.13636363636363635
RAX,RAX,8.0,1.0,0.125
FOXA1,FOXA1,70.0,7.0,0.1
NR0B1,NR0B1,11.0,1.0,0.09090909090909091
RXRG,RXRG,12.0,1.0,0.08333333333333333
HOXD10,HOXD10,51.0,4.0,0.0784313725490196
LMX1B,LMX1B,16.0,1.0,0.0625
THRB,THRB,49.0,2.0,0.04081632653061224
NFIX,NFIX,27.0,1.0,0.037037037037037035
MYF6,MYF6,1.0,0.0,0.0
HIC2,HIC2,2.0,0.0,0.0
HOXB9,HOXB9,7.0,0.0,0.0
YY2,YY2,3.0,0.0,0.0
HDX,HDX,3.0,0.0,0.0
NKX2-4,NKX2-4,27.0,0.0,0.0
ETV2,ETV2,5.0,0.0,0.0
SOX8,SOX8,5.0,0.0,0.0
YY1,YY1,3.0,0.0,0.0
AR,AR,6.0,0.0,0.0
ZNF713,ZNF713,3.0,0.0,0.0
