,Source,Edge,Target
0,HIF1A,-0.2527590689324257,NR1H4
1,IRF2,0.2620345234575715,NR1H4
2,ARID5B,-0.269966540573536,BORCS8-MEF2B
3,ZNF384,0.2397272073037083,BORCS8-MEF2B
4,ATF3,-0.2010305865808053,BORCS8-MEF2B
5,ARNT,-0.2038269108423175,BORCS8-MEF2B
6,HBP1,0.1873779273723311,GMEB2
7,ZNF217,0.2307053667234568,NFATC2
8,MEF2D,0.1931869310454757,NFATC2
9,ZBTB4,0.4080137204780132,NFATC2
10,MNT,0.2818250392178925,ELF2
11,REST,0.5640516889641995,ELF2
12,ETV1,0.3583096471044972,RUNX2
13,BACH1,0.2459494713947843,RUNX2
14,HOXB3,0.2590874409282352,RUNX2
15,NR3C1,0.4178811596806103,CUX1
16,POU2F1,0.2726304143053177,CUX1
17,HOXB3,-0.3085652898987468,CUX1
18,SHOX2,0.3589339855986193,FOXP3
19,FOXO3,0.2406438917829617,FOXP3
20,FOXC1,-0.2228017436176383,FOXP3
21,ETV3,0.3993179416505271,LHX4
22,MNT,0.291324288995141,LHX4
23,SF1,0.211290797559991,LHX4
24,MAF,0.3400919094339399,RORA
25,LHX2,0.2500062320428876,RORA
26,CLOCK,0.3721348508255028,RORA
27,TFAP4,-0.2937829732556909,ARID5A
28,RUNX3,0.4756000250665412,ARID5A
29,HBP1,0.3716503361450269,ZSCAN26
30,ARNT,0.3592070676641058,ZSCAN26
31,SP3,0.3299639785607952,HLTF
32,SMAD4,0.2921128215907927,HLTF
33,GTF2I,0.02641648283008,TTF1
34,YY1,0.0112048988131698,TTF1
35,NFE2L2,-0.0009005469712997,TTF1
36,SOX5,0.0023009912776684,TTF1
37,ZBTB4,0.0122445692775437,TTF1
38,CREB5,0.0020204420183268,TTF1
39,GABPA,0.0930201551349715,TTF1
40,TBX2,-0.0648069705992294,TTF1
41,ZBTB16,0.015870140400273,TTF1
42,ZKSCAN3,0.0179817659050501,TTF1
43,NFIA,-0.1581982048481715,TTF1
44,MAFF,-0.0014694671949377,TTF1
45,HBP1,0.0012332819006028,TTF1
46,MECOM,0.1218200993591826,TTF1
47,PRRX1,-6.868997913580033e-05,TTF1
49,LMO2,0.0072414453190667,TTF1
50,BACH1,0.0002170502992434,TTF1
51,CREB1,0.3234996681693844,TTF1
52,ELF2,0.0058468522995899,TTF1
53,IRX5,0.0142991214029596,TTF1
54,ZSCAN26,0.001263436535387,TTF1
55,RFX3,0.000101305487957,TTF1
56,EP300,0.0134821739836016,TTF1
57,FOXO3,0.000673016861134,TTF1
58,ETV1,-0.0024114356029241,TTF1
59,HOXA4,0.012295317797466,TTF1
60,MNT,0.1193426152675312,TTF1
61,GLIS3,0.0054550953024251,TTF1
62,PBX1,-0.0053241673868951,TTF1
64,E2F6,0.0182738808331833,TTF1
65,TCF7L2,-0.0476652229787443,TTF1
66,ZBED6,0.002088627097726,TTF1
67,TCF7,0.0364093216475247,TTF1
69,POU2F1,0.2265310168530823,GSX2
70,ZSCAN26,-0.2898266398028829,GSX2
71,ZNF281,-0.2606569868672279,GSX2
72,RORA,0.3852488128783623,TLX2
73,NFIB,-0.2578404797821189,TLX2
74,FOXC1,0.2944133352669372,TLX2
75,ARID5B,0.1511524769096538,ZNF75A
76,ZBTB18,0.3868816157179369,ZNF75A
77,TERF1,0.1177185608000422,SNAI2
78,ZNF784,-0.2245990751997071,TNFRSF10A
79,NFAT5,0.2253671209479663,TNFRSF10A
80,ATF1,0.3492029695789634,TNFRSF10A
81,ETV3,0.4846452560795993,GTF2A1
82,KLF13,0.3438977154299448,GTF2A1
83,EGR2,0.2492499486073279,RARA
84,NFE2L1,0.483034720654492,RARA
85,GFI1,0.0466962669908128,TGIF1
86,SOX5,0.0638616350274048,TGIF1
87,ARID5B,0.0008475583380361,TGIF1
88,MEIS2,0.0043383575122931,TGIF1
89,HIVEP2,0.1440052256462336,TGIF1
90,TBX2,-0.0001903878385111,TGIF1
92,POU2F1,-0.0984869501978519,TGIF1
93,NFIA,-0.1004741264291969,TGIF1
94,MAFF,0.0156579864989427,TGIF1
95,STAT1,0.0672892416704459,TGIF1
96,CREB3L2,0.223190569864705,TGIF1
97,NFIB,-0.0121093613226821,TGIF1
98,ZNF423,0.0001911163424076,TGIF1
99,REL,-0.0176207425026329,TGIF1
100,EGR2,0.005346253975399,TGIF1
101,ZEB1,0.0154388835264271,TGIF1
102,ELK3,0.1088030313075893,TGIF1
103,ARNT,0.0678500628433529,TGIF1
104,RUNX2,0.0091006442122661,TGIF1
105,HMBOX1,0.0015122574541919,TGIF1
106,FOXF2,-0.0012700155724679,TGIF1
107,GMEB1,0.0026637121304756,TGIF1
108,NFE2L1,0.0253319917366967,TGIF1
109,ZBTB18,0.0570900367284661,TGIF1
110,ARID5A,0.0014829097424738,TGIF1
111,FOXC1,0.0639258705411629,TGIF1
112,CDC5L,0.0031797332503888,TGIF1
113,VDR,-0.0124816050196394,TGIF1
114,GLI3,-0.0055575466937055,TGIF1
115,MYBL2,0.0075694969006207,TGIF1
116,DDIT3,-0.0109560387683179,TGIF1
117,PKNOX2,0.0002299332941864,TGIF1
118,SP4,0.0099117870336208,TGIF1
119,ARID5A,0.4049427847329788,RUNX3
120,SP4,0.4297785446116692,RUNX3
121,IKZF1,0.310809499512651,SP4
122,FOXO4,0.2044431618980882,SP4
123,ATF2,0.3739081345274201,SP4
124,NFIA,0.2242406482479501,MAF
125,RUNX2,0.2596881146082386,MAF
126,PBX1,0.2309500035479487,MAF
127,STAT1,0.2819839315669692,MAF
128,SIX4,-0.1760893304490824,MAF
129,MSX1,0.2222463533775827,TBX2
130,PURA,0.2791300247647256,ZFX
131,FOXJ3,0.5511807945987913,ZFX
132,TERF1,0.2329204089750291,SP3
133,FOXJ3,0.3855072390080686,SP3
134,ATF1,0.2922211165072591,SP3
135,SIX1,0.0241843720647793,TBX5
136,POU4F1,-0.0316217633644502,TBX5
137,SHOX2,0.1508462217819113,TBX5
138,FOXO1,0.041743532581944,TBX5
139,NR3C1,-0.0406701273975089,TBX5
140,IRX5,0.0128647407155748,TBX5
141,ZBTB7B,-0.0226750915724367,TBX5
142,FOXB1,0.1740287764599459,TBX5
143,ZNF784,-0.1443900749911647,TBX5
144,MSX1,0.0373989060022155,TBX5
145,MZF1,-0.0118070031381676,TBX5
146,FOXF2,0.0373283999354567,TBX5
147,DLX5,0.3265294579849838,TBX5
148,GMEB1,-0.0213908992805429,TBX5
149,FOXC1,-0.0305213682590975,TBX5
150,KLF11,0.3122704668429754,NFE2L1
151,GLIS3,0.2657053516738251,NFE2L1
152,STAT1,0.2918524635388815,NFE2L1
153,ARID5B,0.3925185171209965,LHX2
154,IKZF3,-0.2706723395044916,LHX2
155,MEF2D,0.2475740591209809,LHX2
156,BRCA1,-0.2324701752251248,LHX2
157,RORA,0.3658764955518682,MEOX1
158,ZNF524,0.2088274720076323,MEOX1
159,PBX1,0.21197627524792,MEOX1
160,NR2F2,0.1208020998899382,ZBTB7B
161,SOX2,0.0048452574757514,ZBTB7B
162,IRF4,0.0304812078524842,ZBTB7B
163,CLOCK,0.1125683908654842,ZBTB7B
164,NFE2L2,0.2529092962702528,ZBTB7B
165,MSX1,-0.0357398681305921,ZBTB7B
166,MZF1,0.0300368923791881,ZBTB7B
167,GATA3,0.0112492217018497,ZBTB7B
168,RUNX3,0.2003149135081328,ZBTB7B
169,KLF16,-0.0095719221006252,ZBTB7B
170,ERF,0.0571925539542975,ZBTB7B
171,FLI1,0.0214656866036486,ZBTB7B
172,ARNT,0.0478300895950309,ZBTB7B
173,SOX2,-0.01725221313666,ZNF282
174,ZBTB7B,0.1722269226270707,ZNF282
175,ZBTB14,0.0171352877004976,ZNF282
176,HMBOX1,-0.0134674578134676,ZNF282
177,SIX1,-0.0559280018061036,ZNF282
178,E2F8,0.0581633899912218,ZNF282
179,E2F3,0.0058737971949911,ZNF282
180,CUX1,-0.0224451049322755,ZNF282
181,RARB,-0.0034837058259964,ZNF282
182,MSX2,-0.0001390034233648,ZNF282
183,FOXO3,-0.0799359727175831,ZNF282
184,DLX5,-0.058583822976202,ZNF282
185,RFX2,-0.0365296846962902,ZNF282
186,TBX2,-0.0006937717346435,ZNF282
187,GMEB1,0.0045113559607585,ZNF282
188,NFE2L1,0.0071244219931701,ZNF282
189,NR4A2,0.082743745853116,ZNF282
190,HIF1A,0.0204843500104367,ZNF282
191,RARA,0.0205418737409197,ZNF282
192,CREB3,0.0019275024804891,ZNF282
193,LHX2,-0.031645755979126,ZNF282
194,HOXA5,-0.001818153486271,ZNF282
195,RFX1,0.0570821745907272,ZNF282
196,ALX3,0.1451362733013677,ZNF282
197,TBP,0.0356712178437621,ZNF282
198,KLF12,0.0036968827591742,ZNF282
199,SIX4,-0.0015915545984217,ZNF282
200,TBX5,-0.0315856305225638,ZNF282
201,ELF2,0.0825727275432195,ZNF282
202,TTF1,0.0467463251681007,ZNF282
203,MEF2D,0.0657145391254349,ZNF282
204,MEIS2,0.246169682174277,TRIM28
205,GMEB2,0.2200228060986597,TRIM28
206,BACH1,-0.225526644573846,TRIM28
207,FOXO3,-0.2631350979957753,TRIM28
208,HMBOX1,-0.0987152808655011,CREB3L1
209,SIX1,0.1428638189917184,CREB3L1
210,PRRX1,0.1427687046998488,CREB3L1
211,MSC,0.0379169954357797,CREB3L1
212,ZBTB4,-0.0726424771639896,CREB3L1
213,ERF,0.0442228238290423,CREB3L1
214,ETS2,0.0416275433342498,CREB3L1
215,SMAD3,0.2142982622742592,PLAG1
216,POU2F1,0.3246188490477234,PLAG1
217,ZKSCAN3,0.1049639772773217,SIX2
218,SP4,-0.0008792513417117,SIX2
219,RORA,-0.0362361666889158,SIX2
220,SMAD3,0.0914557845263509,SIX2
221,ARID5A,0.0030791656975615,SIX2
222,FOXO1,0.0096836857836105,SIX2
223,KLF4,0.1402735034717792,SIX2
224,ETV3,-0.0008125646216029,SIX2
225,TBX5,0.0911684346099906,SIX2
226,ZBTB3,-0.0140917667593893,SIX2
227,ZNF384,-0.1416641110656921,SIX2
228,NFATC2,-0.0760889056753573,SIX2
229,GATA6,0.2287702987021526,NR2F2
230,IRF9,0.4130030459521546,NR2F2
231,GLI3,0.2681793186355909,NR2F2
232,CREB3L2,0.4895182117902015,IRF4
233,HOXC10,-0.2770503335468278,IRF4
234,KLF13,0.2210206188000752,IRF4
235,GLI3,0.265817148167031,GSC2
236,ATF7,-0.2405924818468501,IRF3
237,ZNF524,0.3937335030887238,IRF3
238,TCF7L2,-0.215131253135682,IRF3
239,MAFF,0.3942450680365807,ATF3
240,IRF4,0.3427854542327104,ATF3
241,RFX7,0.3116640145848841,ATF4
242,ZBTB14,-0.2094472834278241,ATF4
243,SP1,-0.25355941866882,ATF4
244,FOXP3,-0.2920663504460511,ATF4
245,ZNF384,0.2497546217709255,MZF1
246,LHX4,0.4041502920722912,MZF1
247,E2F8,0.3356257970304263,E2F3
248,PURA,0.230078707766945,E2F3
249,FOXJ3,0.3149745962931454,E2F3
250,CREB3L1,0.2640794826022676,SIX4
251,KLF13,0.003688498909384,SIX4
252,TNFRSF10A,0.0397628382405241,SIX4
253,TBX19,-0.0458381076583275,SIX4
254,SHOX2,-0.0113182436419025,SIX4
255,FOXO1,0.0760817904793441,SIX4
256,NFAT5,-0.0128832317528222,SIX4
257,TFAP2E,0.0489889070770862,SIX4
258,TTF1,-0.0298776926339157,SIX4
259,RARA,-0.0474796680853187,SIX4
260,FLI1,0.0474840312606373,SIX4
261,ARID5B,0.2922147177380089,NF1
262,ZBTB18,0.4219889082773485,NF1
263,REST,0.7556539476499222,ZBTB18
264,ETS2,-0.2159061697328875,SIRT6
265,FOXJ3,-0.5530320152362567,SIRT6
266,ZNF281,0.2544854753631728,IKZF3
267,CEBPG,0.2488525761193641,IKZF3
268,HOXB3,0.2004959835923584,IKZF3
269,ZBTB6,0.3255588949288621,MTF1
270,RUNX3,0.3532559073221004,MTF1
271,TCF7L2,0.3082807000433278,MTF1
272,HMBOX1,0.2101422237180569,ZBTB16
273,KLF12,0.2779314348382869,ZBTB16
274,PBX1,0.3889294129250921,TEAD3
275,SNAI2,0.4730454898841234,TEAD3
276,NFIA,0.3128876326197474,INSM1
277,ARID3A,0.3376644071182667,INSM1
278,ETV3,0.4186101626319106,ATF2
279,BDP1,0.2511773173708955,ATF2
280,NR3C1,0.2482032974025078,ATF2
281,E2F3,0.2365865080080659,GTF2I
282,SP3,0.5633653211952797,GTF2I
283,SP100,0.3196084299924264,IRF2
284,NR2C2,0.3354961802325591,IRF2
285,SP1,0.2802788775469343,IRF2
286,SP1,0.567233908636678,EP300
287,ATF7,0.2944829685778433,EP300
288,ESR1,0.260790552704381,POU2F1
289,HLTF,0.2251228109116997,POU2F1
290,FLI1,0.1872098639745966,POU2F1
291,CUX1,0.2608706221932889,POU2F1
292,NR2F2,0.0091570618122784,RFX1
293,SOX2,0.0004276124637827,RFX1
294,GTF2I,0.057107720947393,RFX1
295,SMAD3,0.0850575483381516,RFX1
296,SIX1,-0.0021652415794286,RFX1
297,PRDM4,0.0052189873459681,RFX1
299,HIVEP2,0.3005019535103129,RFX1
302,POU2F1,0.0192177556066229,RFX1
303,HIF1A,0.0002193813077609,RFX1
304,ZNF217,0.0146008091573667,RFX1
305,NFIA,0.0209000349217837,RFX1
306,MECOM,-0.0148135994800929,RFX1
307,BHLHE22,-0.0012050849491364,RFX1
308,MGA,0.0074567798901504,RFX1
309,HOXB3,0.0041163975018256,RFX1
310,IRX2,-0.0273421587630879,RFX1
311,ZBTB14,0.1794966539691982,RFX1
312,HMBOX1,0.0082867397959566,RFX1
313,USF1,-0.002989956968487,RFX1
314,ETV1,1.5030448068936189e-05,RFX1
315,MZF1,0.0108297217700541,RFX1
316,NF1,0.0353897998698348,RFX1
317,KLF4,-3.341164432508184e-05,RFX1
318,GATA3,0.0070493913112374,RFX1
319,NFE2L1,0.0121721177929764,RFX1
320,NR4A2,0.0076581644694207,RFX1
321,GLIS3,0.0149456026187177,RFX1
322,RARA,0.0036433505023966,RFX1
323,CDC5L,0.0008757575723623,RFX1
324,KLF16,0.0003246585567121,RFX1
325,SF1,0.021623847871013,RFX1
326,ETS2,0.0083036843117452,RFX1
327,ZNF8,0.0148536253383138,RFX1
328,ZBED6,0.0604535753526922,RFX1
329,KLF12,0.0132961392375248,RFX1
331,ERF,0.0169174754975806,RFX1
332,HOXB7,-0.0176057189684248,RFX1
333,TBX5,0.0017765442239483,RFX1
335,PKNOX2,0.0118161107067846,RFX1
336,IRF4,0.0059530594598535,RFX1
337,E2F3,0.0001547524186467,RFX1
338,GLI2,0.2350222348900976,KLF12
339,SP4,0.4091771026722088,KLF12
340,TBX21,0.2828666618425374,MAFF
341,CREB3L1,0.2881614131089742,MAFF
342,ATF3,0.2705510856207033,MAFF
343,NR2F2,0.3807439026143838,ERG
344,ZNF143,0.3161753612750059,ERG
345,STAT3,-0.374878625349647,ZNF691
346,HOXD10,-0.2807027546304765,ZNF691
347,BCL6B,0.2802365195361546,KLF4
348,MAFB,0.2304248067049672,KLF4
349,TCF7L2,0.2433773378612231,KLF4
350,ZNF143,0.4760910662948651,CREB1
351,ZEB1,0.3740212007329506,CREB1
352,CREB3L1,0.1835847236481871,MSX2
353,SNAI2,0.4702278886524959,MSX2
354,POU2F1,-0.4024428284055388,MSX2
355,GFI1,0.2437386662156792,PLAGL1
356,ZEB1,0.4818186402786051,PLAGL1
357,ARID5B,0.4282470253366861,ZBTB33
358,MECP2,0.2284152788139088,ZBTB33
359,ZNF524,-0.2535074933994304,ZBTB33
360,ATF2,0.5868198743823638,ZEB1
361,ZNF524,-0.2567395263438872,ZEB1
362,SHOX2,0.2643060467994986,GLI3
363,ETV2,-0.3226320058734573,GLI3
364,VDR,0.2251464518440386,GLI3
365,GTF2A1,0.3873982980341997,BBX
366,ELF2,0.4074975727116977,BBX
367,ARID5B,0.369609341843406,TP63
368,TEAD3,0.194886673274947,TP63
369,SOX5,0.2389945320790676,FOXC1
370,THRA,0.3786588111469687,FOXC1
371,MEIS2,0.2492266233707927,FOXC1
372,RORA,0.3219062499978872,PRRX1
373,GLIS2,0.4369288675267752,PRRX1
374,GLIS3,0.2478329016574876,PRRX1
375,E2F8,0.6880052918877243,CEBPG
376,BRCA1,0.2550588243726441,ERF
377,ETV3,0.2395415305808243,ERF
378,RARA,0.3212595487912171,ERF
379,GTF2A1,0.596160646515778,KLF13
380,RUNX3,0.2700107809378559,KLF13
381,STAT3,0.2355447827046999,MAFG
382,MNT,0.6041904766304144,MAFG
383,PRDM4,0.4062073500928702,RFX7
384,ZBED6,0.2497521671378142,RFX7
385,HBP1,0.366767632785577,FOXO4
386,ZFX,0.2640171754885463,FOXO4
387,STAT5B,0.2748951659883982,FOXO4
388,HBP1,0.2742309257351688,FOXO3
389,RARB,0.3155282688592492,FOXO3
390,HOXC10,0.2700205947614679,FOXO3
391,IRF9,0.4535915294489993,ESR1
392,HOXC8,0.2540479635231721,ESR1
393,ZKSCAN3,0.2638223445231663,PATZ1
394,ZBTB18,0.3594980168704499,PATZ1
395,ARID3A,-0.3910635226771255,PATZ1
396,ZNF524,0.3493701663706878,HOXB7
397,HOXA5,0.3399120294556134,HOXB7
398,FOXC1,-0.174907156106549,HOXB7
399,IRX2,0.3532001281011278,FOXF2
400,NR2F2,0.0014073301130041,GLI2
401,USF1,-0.0259579324751447,GLI2
402,ZNF281,0.0716921158240781,GLI2
403,E2F8,0.0063582989429116,GLI2
404,TFAP4,-0.0011933168013346,GLI2
405,CLOCK,0.1372937299917826,GLI2
406,NFE2L2,0.0052267014423882,GLI2
407,ELF1,-0.0359479355856694,GLI2
408,MEIS2,0.0123001949997949,GLI2
409,FOXF2,0.102418480369324,GLI2
410,RARA,-0.0146579497365321,GLI2
411,CDC5L,0.0012010636249231,GLI2
412,RFX1,-0.0267549558251839,GLI2
413,MYBL2,0.0020460719049464,GLI2
414,REL,0.0450323712436652,GLI2
415,BACH1,-0.0135142460248276,GLI2
416,ZNF423,0.1924655240758724,GLI2
417,KLF12,0.1533996117082421,GLI2
420,HOXB3,0.0030005770673653,GLI2
421,FLI1,0.0610561583954026,GLI2
422,ARID3A,-0.0375739347759584,GLI2
423,STAT1,-0.075476917483837,GLI2
424,FOXJ3,0.4587364177564862,ZBTB6
425,NR2C2,0.3080187292008929,ZBTB6
426,CREB3L1,0.2914768189053403,HOXB9
427,TNFRSF10A,0.2561594375017645,GRHL1
428,HIVEP2,0.2223227835655858,GRHL1
429,ELF1,0.6269745879237035,HOXA6
430,HOXA5,0.4648545347411626,HOXA6
431,TCF7,0.3117109860493006,LEF1
432,CREB3L2,0.3509421063499777,LEF1
433,LMO2,-0.2917554318267873,LEF1
434,RARB,0.3281997226355359,TBX15
435,SHOX2,0.3317818150695837,TBX15
436,IKZF1,0.6981829520655038,TCF4
437,RFX3,0.0143748362024381,EGR2
438,ZNF281,0.0113945227891413,EGR2
439,ERG,-0.113424197668721,EGR2
440,CREB3L2,0.0104677041839471,EGR2
441,IRX5,0.0028212981855724,EGR2
442,ZNF423,0.0123497446154861,EGR2
443,ERF,0.2459296618752099,EGR2
444,HIVEP2,0.0051391028854462,EGR2
445,RFX2,0.1178536661256396,EGR2
446,REL,-0.0041152487031131,EGR2
447,ETV2,0.02178840951535,EGR2
448,FOXP3,0.0001549758543643,EGR2
449,STAT1,0.2142690099372197,EGR2
450,EGR3,0.2585920106278938,EGR2
451,POLR3A,0.2873332553180428,STAT3
452,BACH1,0.1948905322293833,STAT3
453,ELK3,0.2376270463144269,STAT3
454,ARID3A,0.2100381458488333,STAT3
455,ZKSCAN3,0.2248840126754219,RREB1
456,SP1,0.4465722020969666,RREB1
457,LEF1,0.2724965401447265,RREB1
458,BRCA1,0.2281385647953025,GABPA
459,NF1,0.3452123867106999,GABPA
460,ATF1,0.2498456141744741,GABPA
461,ARNT,0.2994984680840652,TBP
462,RUNX2,0.2804119470054314,TBP
463,TTF1,0.3048164510714231,TBP
464,ZNF143,0.2750852639234448,SH2D1A
465,TCF7,0.523289611592627,SH2D1A
466,HIVEP2,0.2986893390985489,HBP1
467,ZSCAN26,0.269246309729245,HBP1
468,ETV1,0.2112733145386912,HBP1
469,FOXO3,0.2514293405357606,HBP1
470,NFE2L1,-0.3831222965025941,USF1
471,HOXA5,0.1975376225081088,USF1
472,ZBTB14,-0.0495126080599746,ZNF524
473,CLOCK,-0.459379906018835,ZNF524
474,CUX1,-0.1016252449334711,ZNF524
475,FOXO3,-6.650093698141054e-05,ZNF524
476,MZF1,0.000344222935253,ZNF524
477,CNOT3,-0.0731997822660292,ZNF524
478,TBX2,-0.0019218932181073,ZNF524
479,EPAS1,-0.0026739917758556,ZNF524
480,SP100,-0.0009351896673053,ZNF524
481,LHX2,0.0590576160460483,ZNF524
482,VDR,-0.0465763094437672,ZNF524
483,CREB3L1,-0.0038125323368238,ZNF524
484,ATF4,-0.0180923999786849,ZNF524
485,PRRX1,0.002761222437602,ZNF524
486,NR3C1,-0.0657845257395949,ZNF524
487,TCF7,0.0866645802185939,ZNF524
488,GTF2I,0.2117130499960265,HIVEP2
489,CLOCK,0.0763068861301687,HIVEP2
490,BHLHE22,-0.0027467482098054,HIVEP2
491,ELF1,0.0522962460449429,HIVEP2
492,PATZ1,0.0853027075929085,HIVEP2
493,ZBTB18,0.0652777895057434,HIVEP2
494,RFX2,-0.0910470042997463,HIVEP2
495,MNT,0.0776994303966901,HIVEP2
496,NR4A2,0.2348474865599617,HIVEP2
497,IRX2,-0.0237643119127082,HIVEP2
498,EPAS1,0.0987506890921239,HIVEP2
499,MEF2D,0.005672077610109,HIVEP2
500,NFATC2,-0.1837062063247075,MYBL2
501,SOX2,-0.0006411218266265,TCF7L2
502,SMAD3,0.0026905997265559,TCF7L2
503,CLOCK,0.0097122657253789,TCF7L2
504,RARB,0.2278783167094191,TCF7L2
506,ELF1,0.004195954991058,TCF7L2
507,ARID5B,0.0339423711252634,TCF7L2
508,CEBPG,0.0004510639542599,TCF7L2
509,MEIS2,-0.0025934897790182,TCF7L2
511,JUN,0.0265278248156024,TCF7L2
513,LHX2,0.1039152152301401,TCF7L2
514,HBP1,0.0696769995427751,TCF7L2
515,PRRX1,0.0556487011590782,TCF7L2
516,CREB3L2,0.0070659344101997,TCF7L2
517,LMO2,-0.00657534652345,TCF7L2
518,NFIB,0.0017693124431081,TCF7L2
519,ELK3,-0.0028305325122479,TCF7L2
520,ARNT,0.0260965880345082,TCF7L2
522,ZSCAN26,0.0276038271008699,TCF7L2
523,GATA6,-0.0007965886829559,TCF7L2
527,LEF1,0.0063310317878755,TCF7L2
528,IKZF3,0.0150206542570752,TCF7L2
529,MSX1,0.0291187846586541,TCF7L2
530,ETV1,0.0186976203177372,TCF7L2
531,KLF4,0.1678579700144436,TCF7L2
532,ETV3,0.1153887725299009,TCF7L2
533,HOXA4,-0.0085396542745818,TCF7L2
534,IRF2,0.0094623303835425,TCF7L2
535,GLIS3,0.0024044553622031,TCF7L2
536,RARA,0.0014509419010474,TCF7L2
537,CREB3,-0.0094019165664026,TCF7L2
538,SP100,-0.0121374811040951,TCF7L2
539,VDR,0.0004280625507776,TCF7L2
540,ETS2,0.0258842149820965,TCF7L2
542,PROX1,0.0193073146155574,TCF7L2
544,TTF1,-0.1009760226319581,TCF7L2
546,SNAI2,0.0127874989840147,TCF7L2
547,MEF2D,0.0244042148360759,TCF7L2
548,ZBTB7B,-0.0032541979814584,ETS2
549,GFI1,3.805506710038499e-05,ETS2
550,ZBED6,0.0646674530934377,ETS2
551,ZBTB6,0.0026351166902011,ETS2
552,ZBTB4,0.0533079836238331,ETS2
553,NF1,0.197507581570321,ETS2
554,TCF7,0.0162991790507007,ETS2
555,ZNF384,0.2024907593438454,ETS2
556,HOXA6,-0.0003376101078366,ETS2
557,HOXA5,-0.1941341109571711,ETS2
558,SOX13,0.5607827268204288,TAL1
559,ZBTB7B,0.0259230946947347,ELK3
560,GTF2I,0.0601325583173548,ELK3
561,GFI1,0.0351176593729507,ELK3
562,TBP,0.0453812338510731,ELK3
563,ZBTB4,0.033854664014254,ELK3
564,MZF1,0.0221033858136707,ELK3
565,NF1,0.057840487432139,ELK3
566,TCF7,-0.1246155755151378,ELK3
567,GABPA,-0.0010063306205995,ELK3
568,ZNF384,0.2418138186692849,ELK3
569,HOXA6,0.1079332432964982,ELK3
570,HOXA5,0.0024689573948359,ELK3
571,PLAGL1,0.3999284777366328,PURA
572,AHR,0.3179526029503937,PURA
573,BRCA1,0.3625523216901674,TFAP4
574,ARID5A,-0.1958360135990894,TFAP4
575,ATF4,0.2582190932969734,TFAP4
576,NR2C2,0.2507959591701679,TFAP4
577,ZBTB7B,-0.033130280225854,ETV1
578,GTF2I,0.074671822325438,ETV1
579,GFI1,0.053748707436434,ETV1
580,ZBTB6,0.0659214784764657,ETV1
581,SOX5,-0.0473751276290838,ETV1
582,ZBTB4,0.0244740192511514,ETV1
583,GABPA,-0.2701113689481205,ETV1
584,NR4A2,0.048749013148681,ETV1
585,ZNF384,0.0336614364752626,ETV1
586,KLF11,0.1577370571544824,ETV1
587,TBP,0.2206418486216944,ETV1
588,HOXA6,0.0569320098467565,ETV1
589,NR2F2,0.0039195619291434,LMO2
590,ZBTB7B,-0.023943577338225,LMO2
591,GTF2I,-0.0067751735081578,LMO2
592,PRDM4,-0.0077374991664937,LMO2
593,CLOCK,-0.0192147286956121,LMO2
594,FOXD2,-0.0119073769718006,LMO2
595,NFE2L2,-0.0118153574030836,LMO2
596,HOXB9,-0.0207477385319619,LMO2
597,ZBTB7A,0.0361485806463618,LMO2
599,PKNOX2,0.0144188066661195,LMO2
600,MEIS2,0.021514918930406,LMO2
601,IRF2,-0.0218590654216717,LMO2
602,IRF9,-0.0531618026658305,LMO2
603,GLIS3,0.1380564054020549,LMO2
604,KLF16,-0.0274499814673594,LMO2
605,VDR,0.0037351171657318,LMO2
606,MAFB,0.0135216828724395,LMO2
607,HOXC8,-0.0226255114310005,LMO2
608,BACH1,-0.0071478087074127,LMO2
609,PATZ1,0.0448954821054254,LMO2
610,IKZF1,-0.0583166595398515,LMO2
611,ERF,-0.0720523920788429,LMO2
612,HOXB7,0.0566904902782257,LMO2
613,HOXB3,0.0036930555733472,LMO2
614,ZFX,-0.0193125220547333,LMO2
615,ELK3,0.0023552663748238,LMO2
616,SP4,-0.1952884340673078,LMO2
617,PBX1,-0.0181683002085589,DDIT3
618,MECOM,0.0004358986380498,DDIT3
619,SOX13,-0.0365527747627123,DDIT3
620,MEOX1,-0.0363111679621886,DDIT3
621,ZEB1,-0.1300244206186348,DDIT3
622,IRX5,0.0584929583114058,DDIT3
623,BPTF,-0.4130412276892847,DDIT3
624,SNAI2,-0.0002647284165308,DDIT3
625,MAFK,-0.043415822212564,DDIT3
626,SMAD3,0.2845842173911814,NFIA
627,PBX1,0.2702488961006258,NFIA
628,BBX,0.3497817431802179,BPTF
629,ATF7,0.4715250924924568,BPTF
630,BPTF,0.2925541507703382,SATB1
631,STAT1,0.2258652424715588,SATB1
632,HBP1,0.2806722750536065,SATB1
633,NFIB,0.3494255152016987,GATA6
634,TEAD3,0.3662242073329747,GATA6
635,FOXJ3,0.4992177765919818,ZNF148
636,NR2C2,0.3350567023756669,ZNF148
637,RFX3,0.2374350115386102,EGR3
638,PLAGL1,0.3729041010670597,EGR3
639,ZBTB4,0.2615192116799873,MGA
640,BDP1,0.3105939152612801,MGA
641,E2F3,0.2074797175985507,MGA
642,CTCF,0.5603925691272658,CNOT3
643,GMEB2,0.2250231933262693,CNOT3
644,LHX2,0.2550072654539568,ARID5B
645,CREB1,0.3028684852773132,ARID5B
646,ZEB1,0.2690418134865573,ARID5B
647,BDP1,0.5520672063218018,SOX30
648,GATA3,0.7738673202505986,TNFRSF25
649,RFX7,0.2831895922840374,AHR
650,MTF1,0.2088045991927114,AHR
651,TBP,0.2577959857815449,AHR
652,ZBTB14,0.1908931580707618,GMEB1
653,HBP1,0.0156922845581596,GMEB1
654,SOX13,-0.0034465870147181,GMEB1
655,RARB,0.0117432287456164,GMEB1
656,ERG,0.0956468423136027,GMEB1
657,ATF2,0.2355050590357547,GMEB1
658,BACH1,0.0146015790575133,GMEB1
659,SHOX2,-0.0103904722767558,GMEB1
660,MZF1,0.0222439453204105,GMEB1
661,PROX1,0.0019491652217349,GMEB1
662,DLX5,-0.0858946936990394,GMEB1
663,TRIM28,0.0027475077477436,GMEB1
664,AHR,0.0757068909785259,GMEB1
665,STAT1,-0.0003566374460858,GMEB1
666,ZNF281,0.2228830301755573,SP1
667,ZBTB18,0.2267772353555726,SP1
668,EP300,0.4741246128040921,SP1
669,NFIA,0.2636207317320995,SMAD3
670,FOXJ3,0.2430385447258234,SMAD3
671,NR2C2,0.3889347658581192,SMAD3
672,HOXB7,-0.0938801858760044,EPAS1
673,NFIA,0.045506125038849,EPAS1
674,AHR,0.3545611318510847,EPAS1
675,TBX5,0.220085853004589,EPAS1
676,SIX2,0.2635476715503992,GLIS2
677,RARB,0.5094458417902294,GLIS2
678,PRRX1,0.2458795298304933,PBX1
679,ZBTB4,0.2090873667046687,PBX1
680,ZNF423,0.4133366492442574,PBX1
681,ATF2,0.2423397031586696,SMAD4
682,HBP1,0.2209949058834913,SMAD4
683,NFAT5,0.3284325934457701,SMAD4
684,ZNF143,0.3482723167863759,ELF1
685,GTF2I,0.5050160059083391,ELF1
686,TBX2,0.2750209391684123,BCL6B
687,GLI2,0.1952556052875195,BCL6B
688,TAL1,0.3454784469467191,BCL6B
689,ARID3A,0.250590779214948,BCL6B
690,ZNF217,0.4522098587727242,NFE2L2
691,STAT1,0.3866754217737551,NFE2L2
692,TCF4,0.2356869591098137,YY1
693,SP3,0.4346862428598656,YY1
694,PATZ1,0.2648615030584357,YY1
695,SIX1,0.0540378660287209,BHLHA15
696,SOX13,0.0881487584950207,BHLHA15
697,HIF1A,0.1099744824735592,BHLHA15
698,POU2F1,0.1702466656201487,BHLHA15
699,JUN,0.1694653566357972,BHLHA15
700,KLF11,0.1397302388445714,MNT
701,RREB1,0.5184941189716483,MNT
702,TBX2,0.0295572676887114,MNT
703,ARID3A,0.0325161843154772,MNT
704,EGR3,0.038279380366268,MNT
705,BBX,0.5253577534031719,REL
706,STAT1,-0.2239521753044194,REL
707,NFIA,0.3648927646268212,DLX5
708,TBX5,0.3385149721145711,DLX5
709,CREB1,0.7967730521487778,DR1
710,NR2F2,0.0368778809947362,RARB
711,NFE2L2,0.0660813858788939,RARB
712,MAF,0.0440765257996626,RARB
713,HIF1A,0.0243218289445579,RARB
714,PRRX1,0.4817981747258716,RARB
715,NFIB,0.0229827969696537,RARB
716,ELK3,0.0541762189359793,RARB
717,DLX5,0.0584555620767978,RARB
718,GLIS3,0.0085453119621535,RARB
719,EPAS1,0.0348342707380453,RARB
720,CDC5L,0.0120827592508961,RARB
721,GLI3,0.0487017954237474,RARB
722,INSM1,0.0618289793157687,RARB
723,KLF12,0.0663296463883341,RARB
724,STAT3,0.0523748060857634,GLIS3
725,ZBTB7B,0.0940952425324674,GLIS3
726,SP1,0.0665953653175342,GLIS3
727,JUN,0.2707608529544253,GLIS3
728,CREB3L1,0.3024709860508606,GLIS3
729,KLF13,0.0765588763590992,GLIS3
730,FOXO1,0.0718614594044682,GLIS3
731,SOX2,0.0208081440881341,IRX2
732,NFE2L2,-0.0112090126414419,IRX2
733,SHOX2,0.0026676718408086,IRX2
734,ARID5B,-0.0026096672333941,IRX2
735,HIVEP2,-0.0032678082237543,IRX2
736,BPTF,-0.0013933377564702,IRX2
737,JUN,0.0019832958743203,IRX2
738,MAF,-0.0147302004224602,IRX2
739,GLIS2,0.0164763012814035,IRX2
740,NFIA,-0.00985233609038,IRX2
741,MECOM,0.4295079905146172,IRX2
742,MGA,-0.0339497689497314,IRX2
744,NFIB,-0.0216877734104938,IRX2
745,REL,-0.0048079335438575,IRX2
746,ZSCAN26,-0.0024653044220272,IRX2
749,SOX30,-0.0239188939893197,IRX2
750,CUX1,-0.0229959848607465,IRX2
751,IKZF3,-0.0126839009906631,IRX2
752,ETV1,-0.0008459988497976,IRX2
753,FOXF2,0.2063888374246217,IRX2
754,DLX5,-0.0152701383000454,IRX2
755,GMEB1,-0.0047542097134131,IRX2
756,GLIS3,0.0261275700800113,IRX2
757,ZBTB18,-0.0283047683504013,IRX2
758,RARA,0.011095903868058,IRX2
759,PBX1,0.0316045279709891,IRX2
761,KLF12,0.0001410012133349,IRX2
762,PROX1,0.0262299350856942,IRX2
763,HLTF,-0.0205137033526485,IRX2
764,TBX5,0.0027481347199829,IRX2
765,IRF4,0.0003894122079859,IRX2
766,SNAI2,0.0014511118628537,IRX2
771,SOX5,-0.0047733962323519,IRX2
772,BRCA1,0.00105862038585,IRX2
773,ZBTB4,-0.001204198561788,IRX2
774,TBX15,0.0199997347382054,IRX2
775,CREB3L2,-0.0069821043318766,IRX2
777,BACH1,0.001057138864437,IRX2
779,NFAT5,-0.0099174726739748,IRX2
780,ZNF524,-0.029043636573124,IRX2
781,SOX15,-0.0139924671712575,IRX2
782,NKX2-3,-0.0203687327079175,IRX2
784,ELK3,0.0032313833655899,IRX2
785,E2F8,0.0011655730489346,IRX2
787,TBX19,-0.005232940884303,IRX2
788,FOXC1,0.0541613647925357,IRX2
792,IKZF1,-0.00446649139362,IRX2
794,ETS2,0.0440492270673641,IRX2
795,NFE2L2,0.2792105109628875,ARID3A
796,IRF4,0.5557005184495655,ARID3A
797,HIVEP2,-0.2906677274372223,IRX5
798,BPTF,0.3945289197502575,IRX5
799,SOX13,0.3102216701384628,THRA
800,RARA,0.2855890115998709,THRA
801,SIX1,0.2058204770203048,BHLHE22
802,SOX13,0.0382501905133598,BHLHE22
803,MSC,0.0308801761125845,BHLHE22
804,ZBED6,-0.0689210607700222,BHLHE22
805,SHOX2,-0.0405885333596592,BHLHE22
806,HIF1A,0.0082796376309942,BHLHE22
807,POU2F1,-0.1110987810097688,BHLHE22
808,ZBTB18,0.0044298684297437,BHLHE22
809,GLIS3,0.2596167528073006,FOXB1
810,TBX5,0.2696676587580603,FOXB1
811,GTF2I,0.3762616339684784,ALX3
812,MNT,0.368513945860584,ALX3
813,CREB1,0.3955464436409036,BACH1
814,NFE2L1,0.4384274742422411,BACH1
815,SMAD3,0.2312289801289525,NR2C2
816,RREB1,0.388909723987866,NR2C2
817,MNT,0.2600074138359533,NR2C2
818,ESR1,0.3281859076947052,HMBOX1
819,NFAT5,0.2669875696118902,HMBOX1
820,REST,0.3507483387193369,ZNF217
821,ZFX,0.4627918922330666,ZNF217
822,ZBTB18,0.2642133844109562,ATF7
823,ZFX,0.3669826493833565,ATF7
824,BDP1,0.2371460489595842,ATF7
825,RARB,0.3584550971006468,PROX1
826,SHOX2,-0.4439690628038212,NKX2-3
827,HOXC8,0.2127816974075017,NKX2-3
828,ATF1,0.6947764032145628,TERF1
829,STAT3,0.5002128177502254,PRDM4
830,FOXO4,0.2292483253487408,PRDM4
831,ALX3,0.2060609281007379,PRDM4
832,ERG,0.3116219316133966,MECOM
833,IRX2,0.3144501631485893,MECOM
834,FOXD2,0.2256016494294127,MECOM
835,STAT1,0.2029955476383874,IRF9
836,ZBTB4,0.3504832623915146,IRF9
837,GMEB2,0.2140595807148373,IRF9
838,TBX21,0.2457107754780518,IRF9
839,IRF2,0.3118206621128997,ZBED6
840,BBX,0.2620524638300632,ZBED6
841,NFAT5,0.2506504694280554,ZBED6
842,NR2F2,0.2408152501245402,ZBTB7A
843,FOXO1,0.100825654706681,ZBTB7A
844,MZF1,0.1510033313665736,ZBTB7A
845,SIX1,0.1177173027017563,ZBTB7A
846,ARID5B,0.330374541432746,ZNF281
847,ZBED6,0.3047640829121926,ZNF281
848,TTF1,0.2941390794710086,ZNF281
849,GMEB2,0.2016495032773617,ZBTB14
850,KLF12,0.2900251515996018,ZBTB14
851,HOXB7,-0.2778718404623028,ZBTB14
852,DR1,0.2723875556590409,ZBTB14
853,JUN,0.422320696582402,ZNF423
854,TCF4,0.4358062991060795,IKZF1
855,ZNF148,0.4485375677870732,IKZF1
856,RORA,0.2564321508300667,HOXD10
857,MYCN,-0.2158528971072363,HOXD10
858,ZNF691,-0.3493918931801463,HOXD10
859,EP300,0.2699146806379001,E2F8
860,HIF1A,0.246637380699037,E2F8
861,MYBL2,0.1961099060088604,E2F8
862,CREB1,0.3099103781631322,E2F8
863,GTF2A1,0.2449441448981452,CREB3L2
864,IRF2,0.2805675042699869,CREB3L2
865,IRF4,0.3717291806915912,CREB3L2
866,TCF7L1,0.3057424217541108,EOMES
867,STAT1,0.5445719515479016,EOMES
868,NR2F2,0.2157980533792987,POU4F1
869,ELF1,0.2989678598917571,POU4F1
870,CREB3L2,-0.3069515582383817,POU4F1
871,MAF,0.2990165215069248,PKNOX2
872,RFX7,0.2895144402018588,E2F6
873,RORA,0.0284493335053243,SIX1
874,SMAD3,-0.0300592085491743,SIX1
875,E2F8,0.0344981449991732,SIX1
876,ARID5A,-0.0492720820051252,SIX1
877,FOXO1,-0.0276194090497583,SIX1
878,ETV1,0.0786828450276287,SIX1
879,KLF4,0.0732113296915721,SIX1
880,NFATC2,0.167657822861404,SIX1
881,CTCF,0.3305674836167459,ATF1
882,GTF2A1,0.2014071697600453,ATF1
883,ZFX,0.3176272135980871,ATF1
884,NR2F2,0.0936437263755076,MSC
885,ZSCAN26,-0.0159647133136073,MSC
886,ZBTB14,-0.0483229859996796,MSC
887,ESR1,-0.002482584182628,MSC
888,SMAD3,-0.0049980037157111,MSC
889,TFAP4,-0.0195316047079902,MSC
890,RFX7,-0.0376193522192581,MSC
892,NFE2L2,0.3200432113131756,MSC
894,CEBPG,-0.006739409953352,MSC
896,NFE2L1,0.0430309141059602,MSC
897,ZBTB18,-0.127078076200498,MSC
898,SP100,-0.0024194929720326,MSC
899,NFIA,0.0051846379907424,MSC
900,ATF4,0.0002954643341461,MSC
901,PRRX1,0.3142409434102536,MSC
902,ZBED6,-0.0085910774350181,MSC
903,MGA,-0.0062717317418789,MSC
904,BACH1,-0.0019503710630972,MSC
905,KLF12,-0.0115194037500532,MSC
906,FOXO1,-0.0055972834326131,MSC
907,ZNF524,0.0444779584114693,MSC
908,SOX15,-0.0625967260809762,MSC
909,MYCN,-0.0327875262924633,MSC
910,ZEB1,-0.0034311999317145,MSC
911,IRF4,-0.0111034727560162,MSC
912,TCF4,0.288274032374874,SOX5
913,POLR3A,0.2767251818334968,SOX5
914,EGR2,-0.2381479117389748,SOX5
915,ATF3,0.2578557781493728,SOX5
916,SOX30,0.3009092383727804,SOX2
917,NR2F2,0.2738615804670864,HOXC8
918,GLI2,0.287459059551396,HOXC8
919,TBX5,0.2023650687412866,HOXC8
920,SOX2,0.0094792500862052,DMRT3
923,RFX7,0.0118117994013576,DMRT3
924,RARB,0.0053440077905851,DMRT3
925,ELF1,0.0324290993591746,DMRT3
926,SHOX2,0.0985652219823389,DMRT3
927,ARID5B,0.0012176146912187,DMRT3
928,JUN,0.0010854910376494,DMRT3
929,HIF1A,-0.0651681465773137,DMRT3
930,NFIA,0.1152967161300286,DMRT3
931,FOXO4,0.0540926994856875,DMRT3
932,PRRX1,0.1053945563557662,DMRT3
933,ZNF143,0.0006961457290824,DMRT3
935,TBP,0.0365959261866253,DMRT3
936,BACH1,-0.066127723649723,DMRT3
938,HOXB3,0.0012806856304793,DMRT3
940,IRX5,0.0002928774196241,DMRT3
941,NKX2-3,-0.0352088036342611,DMRT3
942,ARNT,0.0004456205934443,DMRT3
943,ZNF148,0.0045532439145295,DMRT3
944,HOXA5,0.0009153219097001,DMRT3
945,ZSCAN26,0.0557264621568783,DMRT3
946,ZBTB14,0.0498743912731635,DMRT3
947,RFX3,0.0099130630345121,DMRT3
948,E2F8,-2.6837547860956045e-05,DMRT3
949,EOMES,0.1274371962755801,DMRT3
950,FOXO3,0.0248921895347487,DMRT3
951,ETV1,-0.0015932665647507,DMRT3
952,KLF4,-0.0135051597939271,DMRT3
953,MNT,-0.0017319102949063,DMRT3
954,ARID5A,-0.000187350788055,DMRT3
955,TBX19,0.0016645513571325,DMRT3
956,FOXC1,-0.0020683026877832,DMRT3
957,PBX1,0.0893515417724692,DMRT3
958,ETS2,-0.0046723468621018,DMRT3
959,ZNF8,0.0026695344370991,DMRT3
960,ATF4,-0.0210070822697136,DMRT3
961,TCF7L2,0.0504901150177395,DMRT3
962,KLF12,0.0267481275377926,DMRT3
963,IKZF1,0.0237672624167586,DMRT3
967,SNAI2,-0.1981179707738175,DMRT3
968,MEF2D,0.0194908497059424,DMRT3
969,ATF7,0.3605532062035905,BDP1
970,CREB1,0.4296940020830507,BDP1
971,GTF2I,0.2558757824781305,CDC5L
972,PURA,0.2820436956894961,CDC5L
973,BRCA1,0.2631243880622347,CDC5L
974,EGR2,-0.2006025264788376,FOXD2
975,CDC5L,0.4017171879405533,FOXD2
976,MNT,0.3584620548660103,FOXD2
977,IRF2,0.6019023993864806,SP100
978,ZNF784,0.4394082633333358,ZNF628
979,TLX2,0.2829381413590325,CREB5
980,RFX1,-0.2211192449122257,CREB5
981,BDP1,0.3590609215645929,CREB5
982,PBX1,0.2185535183987516,ZBTB4
983,KLF12,0.5039553230996014,ZBTB4
984,SIX1,0.2394251849775149,MSX1
985,SP3,-0.4703493012388605,MSX1
986,STAT5B,-0.2390959397207739,HOXA4
987,IKZF3,0.3981443925950925,HOXA4
988,RUNX3,-0.2621482517168381,HOXA4
989,HIF1A,-0.2540759714401363,ZBTB3
990,GMEB2,0.3619585777596351,ZBTB3
991,ZNF75A,0.2710246010202684,ZBTB3
992,RFX1,0.2940943198364425,ZBTB3
993,CNOT3,0.2621648836542352,BRCA1
994,E2F3,0.3911954125901848,BRCA1
995,PATZ1,0.1968455581676028,SF1
996,ATF1,0.5365584751020992,SF1
997,FOXO4,0.2763969843370729,KLF11
998,PRRX1,0.2243612591892292,KLF11
999,RFX1,0.2471045759383254,KLF11
1000,GTF2A1,0.2349116716101638,ARNT
1001,ZBED6,0.5718811774724665,ARNT
1002,EP300,0.4139683750440558,POLR3A
1003,SF1,0.3831883435683067,POLR3A
1004,GATA3,0.3111579848971388,MAFB
1005,TBX19,0.1771580792851015,MAFB
1006,STAT3,0.310178633007964,MAFB
1007,SNAI2,0.2321553457742821,MAFB
1008,IRX2,0.1948078079937795,KLF16
1009,MAFK,0.4034272924174613,KLF16
1010,ATF1,-0.2897541584810676,KLF16
1011,KLF12,0.1947355945133758,FOXO1
1012,RFX1,0.3182976328976304,FOXO1
1013,PATZ1,0.3020490672138454,FOXO1
1014,NR2F2,0.0199736268088439,RFX2
1015,GTF2I,-0.0137177080808065,RFX2
1016,SMAD3,-0.0176980014914035,RFX2
1017,PRDM4,0.1468389048210716,RFX2
1018,CLOCK,0.0169428566488399,RFX2
1019,RARB,0.0258395624763209,RFX2
1020,BRCA1,-0.0139070728729698,RFX2
1021,HIVEP2,-0.1779837157904582,RFX2
1022,MTF1,0.1224123717807756,RFX2
1023,JUN,0.1141858020358233,RFX2
1024,NFIA,-0.0269510396911226,RFX2
1025,TCF7L1,0.0026744561483418,RFX2
1026,CREB3L1,0.0348750173350405,RFX2
1027,LMO2,0.2632121574443051,RFX2
1028,ZEB1,0.0004785120465182,RFX2
1029,IRX2,0.0322948608612744,RFX2
1031,GATA6,0.0098656732849354,RFX2
1032,USF1,-0.0016543403624239,RFX2
1033,E2F8,0.0047930542231434,RFX2
1034,MZF1,-0.0035741870086366,RFX2
1035,KLF4,-0.0011150263622242,RFX2
1036,IRF2,0.0006423876861148,RFX2
1037,HOXA4,0.0438360183774914,RFX2
1038,NR4A2,0.002322843849964,RFX2
1040,RARA,0.0692237139467945,RFX2
1041,KLF16,0.003526411669668,RFX2
1042,SF1,0.1849548845642822,RFX2
1043,PATZ1,-0.0163139771133595,RFX2
1044,ERF,-0.0331189434344922,RFX2
1045,TBX5,0.1214248812079493,RFX2
1046,TTF1,0.0231081447056753,RFX2
1047,ETS2,-0.0042613645521181,RFX2
1048,STAT5B,-0.0037665232350559,RFX2
1049,MAFK,-0.0381007000097978,RFX2
1050,ZBTB7B,0.6657759884530448,MEF2D
1051,HIVEP2,0.470139579794414,MAFK
1052,LMO2,-0.2593326520492461,MAFK
1053,ZNF148,0.3445015100187907,FOXJ3
1054,EP300,0.5465821584811521,FOXJ3
1055,MAF,0.1828789584507312,GFI1
1056,IRF4,0.4564604158244942,GFI1
1057,GFI1,0.2620639079772958,NR4A2
1058,ZEB1,0.3575011608975822,NR4A2
1059,SH2D1A,0.3410262189592176,NR4A2
1060,NR2F2,0.1252629817218824,HOXB3
1061,SOX2,0.001061305987698,HOXB3
1063,SIX1,-0.0160569415790713,HOXB3
1064,NFE2L2,0.0348858403055169,HOXB3
1065,RARB,0.0127621997588586,HOXB3
1067,MEIS2,-0.023914418094165,HOXB3
1068,TBX15,-0.0027115990856102,HOXB3
1069,BORCS8-MEF2B,-0.0311328342539938,HOXB3
1070,MAF,0.0308077659646016,HOXB3
1071,POU2F1,0.0003411251407731,HOXB3
1072,JUN,0.0241142561945907,HOXB3
1073,GLIS2,0.0239578718921812,HOXB3
1074,FOXO4,0.0195361045673744,HOXB3
1075,HBP1,0.0011621815283598,HOXB3
1076,CREB3L1,0.0069290760151005,HOXB3
1077,BHLHE22,0.0052266064552435,HOXB3
1078,TBP,0.0054370502040848,HOXB3
1079,LMO2,-0.0035571647300661,HOXB3
1080,FOXJ3,0.0004164644386046,HOXB3
1081,BACH1,0.0010958611583128,HOXB3
1082,NFAT5,0.2139704560955728,HOXB3
1083,SIX4,0.0221537227772038,HOXB3
1084,ZNF524,0.0039399817115316,HOXB3
1086,IRX5,0.0068901571424798,HOXB3
1087,ELK3,0.0043431490528247,HOXB3
1088,HOXA5,-0.0081867633978282,HOXB3
1089,ZNF281,0.00592631151653,HOXB3
1090,EOMES,0.0075113581028968,HOXB3
1091,CUX1,-0.1573441347564288,HOXB3
1093,IKZF3,0.1060221283335529,HOXB3
1094,CNOT3,-0.0007232898427112,HOXB3
1095,ETV3,0.021752050450995,HOXB3
1096,GMEB1,-0.0098878022658924,HOXB3
1097,MNT,0.0826922749666833,HOXB3
1098,NR4A2,0.0008866509084017,HOXB3
1099,FOXC1,-0.0035900374937756,HOXB3
1100,PBX1,0.0969558722953852,HOXB3
1101,GLI3,0.0001558178707008,HOXB3
1102,KLF12,0.029627265840157,HOXB3
1103,PATZ1,-0.0025094819788737,HOXB3
1105,TBX5,0.00306907975171,HOXB3
1107,ZNF691,0.1126443063333829,HOXB3
1108,SNAI2,0.0432935240575747,HOXB3
1109,ZBTB18,-0.3969906361357463,CREB3
1110,CDC5L,-0.2505519980166298,CREB3
1111,EOMES,-0.3479158221698997,HOXA5
1112,E2F8,0.2761013999220428,ZKSCAN3
1113,NR1H4,0.0711472142909829,ZKSCAN3
1115,MSX1,-0.0459097231153986,ZKSCAN3
1116,HOXC10,0.0558049104511785,ZKSCAN3
1117,DLX5,0.0447118786086638,ZKSCAN3
1118,MEF2D,0.0277541861222053,ZKSCAN3
1119,ELK3,-0.0194876386308018,ZKSCAN3
1120,E2F3,0.311667294674428,ZKSCAN3
1121,ZBTB4,0.3805854938071932,TFAP2E
1122,E2F8,-0.3497345046991061,TFAP2E
1123,ZNF691,0.2733670379524534,TFAP2E
1124,ZEB1,0.2362299809996183,RFX3
1125,SMAD4,0.3009343975532528,RFX3
1126,BDP1,0.2821330731506263,RFX3
1127,MTF1,0.248806987246654,HDX
1128,FOXD2,-0.2622404788261486,HDX
1129,GLI3,0.3045806063574087,HDX
1130,MAF,0.4027796652814175,GATA3
1131,EOMES,0.4264704332231047,GATA3
1132,RORA,0.4112898387184112,SHOX2
1133,PRRX1,0.3579256663113624,SHOX2
1134,ZFX,0.3425548352015697,ELK1
1135,NFE2L1,0.3141615171865209,ELK1
1136,SF1,0.2484288307299828,ELK1
1137,RFX3,0.3568032928031395,NFAT5
1138,ZNF8,0.2793167293459511,NFAT5
1139,IKZF1,0.2186939406876367,NFAT5
1140,ATF2,0.2684524668243801,ZNF143
1141,CTCF,0.5611756536490781,ZNF143
1142,ZNF143,0.2854730155759529,ETV3
1143,ZBED6,0.605355252402638,ETV3
1144,SP3,0.2379851645212661,FLI1
1145,NF1,0.2531264799575164,FLI1
1146,ATF4,-0.2076930617258028,FLI1
1147,PBX1,0.2975728098427042,SOX13
1148,NR2F2,0.268261090043046,SOX13
1149,TNFRSF10A,0.2862959900933013,SOX13
1150,GFI1,0.1279634851673234,VDR
1151,MEIS2,-0.0573868157812283,VDR
1152,TBX2,0.0586807675061983,VDR
1153,HBP1,0.0148146374159634,VDR
1154,PRRX1,0.1562726087471888,VDR
1155,TBP,-0.0127912114463087,VDR
1156,NR3C1,0.0076226049021962,VDR
1157,MEF2D,0.042235479451069,VDR
1158,EGR2,0.1231116980217697,VDR
1159,ZEB1,0.0290445515106916,VDR
1160,EGR3,0.034317668154017,VDR
1161,HMBOX1,-0.0697122132920842,VDR
1162,E2F8,0.0269235192991188,VDR
1163,FOXD2,-0.0335276108347955,VDR
1164,FOXO3,0.044231684693844,VDR
1165,DLX5,-0.0129346110923425,VDR
1166,NF1,0.0068966725363682,VDR
1167,EPAS1,0.0007168612438649,VDR
1168,RARA,0.0415945860987473,VDR
1169,SP100,0.0333412220178442,VDR
1170,GLI3,0.1734362474592795,VDR
1171,PROX1,0.0187549638689614,VDR
1172,TBX5,0.0111810993435555,VDR
1173,TCF7,-0.0138126325247027,VDR
1174,PKNOX2,-0.054511958550718,VDR
1175,GATA3,0.6642589874351948,TCF7
1176,ETV3,-0.2752567540323372,ZNF784
1177,JUN,-0.2277619455737804,ZNF784
1178,MGA,0.3405127881885222,MECP2
1179,GATA3,0.2909380318380843,MECP2
1180,E2F8,0.42146150248316,HIC2
1181,BPTF,0.2387357645561678,HIC2
1182,MTF1,0.0796432525551007,HIC2
1183,NFE2L1,0.0645431175818698,HIC2
1184,ZBTB3,0.076479037895063,HIC2
1185,RFX7,0.1985426100520184,CTCF
1186,EP300,0.2644641875488193,CTCF
1187,ATF1,0.3885528024196554,CTCF
1188,CUX1,0.1863527964092843,NR3C1
1189,ELF1,0.290013486569125,NR3C1
1190,BBX,0.33266745166765,NR3C1
1191,E2F8,-0.2311630196274149,ETV2
1192,NF1,-0.4375234513871203,ETV2
1193,MECP2,0.2483495126084895,ZNF713
1194,MEIS2,0.2210269857431247,ZNF713
1195,IKZF1,0.442395074805371,ZNF713
1196,ZFX,0.494506257242823,HIF1A
1197,SNAI2,0.2852559856943159,HIF1A
1198,ZBTB4,0.2293876802627746,REST
1199,BACH1,0.2309563768069918,REST
1200,SP3,0.4597608105482552,REST
1201,CREB1,0.2998420739227291,ZNF384
1202,HOXA6,0.2247262272660659,ZNF384
1203,ZNF8,0.2715608666014222,ZNF384
1204,MECP2,0.2605755038027524,STAT5B
1205,IRF2,0.4876999214461581,STAT5B
1206,NFE2L2,0.3252021802022405,STAT1
1207,EOMES,0.4786586640095614,STAT1
1208,HBP1,0.0396251755478613,CLOCK
1209,ERG,0.1833482645406069,CLOCK
1210,ZEB1,0.0845814821962135,CLOCK
1211,ATF7,0.5509673092063817,CLOCK
1212,FOXO3,0.1918781437283636,NFIB
1213,NFIA,0.5596645010819064,NFIB
1214,NR2F2,0.2934768944569111,MYCN
1215,MAFK,0.3152732184249756,MYCN
1216,RFX7,0.3409431505363768,ZNF8
1217,ZBED6,0.5102439057566908,ZNF8
1218,ARID5A,-0.2756270277379802,MEIS2
1219,FOXC1,0.3320092766131078,MEIS2
1220,MAF,0.4296455448520968,TCF7L1
1221,TCF7L2,0.3605546019382665,TCF7L1
1222,TCF7L1,0.3552456417417092,TBX21
1223,STAT1,0.4041286866758824,TBX21
1224,RFX3,0.3252531031197759,SOX15
1225,SF1,0.3559948681042483,SOX15
1226,KLF4,0.2875831901905779,JUN
1227,ATF3,0.3638315905700813,JUN
1228,ERF,0.3217130897998267,JUN
1229,RFX3,0.0172048042913513,TBX19
1230,E2F8,-0.0149133496857051,TBX19
1231,ETV1,0.0175778647902209,TBX19
1232,GABPA,-0.0699407852785717,TBX19
1233,ETV3,0.0886164115371896,TBX19
1234,MEF2D,0.1223852992144741,TBX19
1235,ZKSCAN3,0.0129263718316148,TBX19
1236,KLF13,0.0753135496346478,TBX19
1237,PRRX1,-0.0101622178545167,TBX19
1238,TCF7L2,0.1989283544431912,TBX19
1239,REL,-0.0133425221880076,TBX19
1240,FOXJ3,0.18453111883388,TBX19
1241,ELF2,0.0051200589946597,TBX19
1242,IRX5,-0.1243946779851041,TBX19
1243,SNAI2,-0.0081441432503266,TBX19
1244,HOXA5,0.003962098223278,TBX19
1245,HOXC8,0.2616010844991364,HOXC10
1246,POU2F1,0.2011775814916519,HOXC10
1247,FOXO3,0.2564439566385485,HOXC10
