,Mutation,Regulator,Regulon,MutationRegulatorEdge,-log10(p)_MutationRegulatorEdge,RegulatorRegulon_Spearman_R,RegulatorRegulon_Spearman_p-value,Regulon_stratification_t-statistic,-log10(p)_Regulon_stratification,Fraction_of_edges_correctly_aligned,Fraction_of_aligned_and_diff_exp_edges,number_downstream_regulons,number_differentially_expressed_regulons
2608,3,GABPA,2608,1.0,1.826824629222215,0.20034891881079026,0.009650542756870956,3.2200354803062696,1.5382039856070744,0.8571428571428571,0.24,25,7
2584,3,GABPA,2584,1.0,1.826824629222215,0.7743780784542637,2.005510308027018e-34,3.1375856259924655,2.012955312360718,0.8571428571428571,0.24,25,7
2589,3,GABPA,2589,1.0,1.826824629222215,-0.7047622170773459,3.116968311708745e-26,-2.184977406895764,1.4699829527889567,0.8571428571428571,0.24,25,7
2599,3,GABPA,2599,1.0,1.826824629222215,0.192108663286789,0.013153551896537653,3.0017044010859224,1.4433924917729726,0.8571428571428571,0.24,25,7
2595,3,GABPA,2595,1.0,1.826824629222215,0.5866020423555955,1.0028572269532738e-16,3.5775613933449786,1.9143968305539472,0.8571428571428571,0.24,25,7
2606,3,GABPA,2606,1.0,1.826824629222215,0.4932833128922877,1.4567261245320137e-11,3.76021118959054,2.0333806465409214,0.8571428571428571,0.24,25,7
1439,3,SP1,1439,1.0,1.7876988441203283,0.21483823153255377,0.005442356338445986,2.899252207601865,1.4060492083614948,0.8571428571428571,0.24,25,7
1424,3,SP1,1424,1.0,1.7876988441203283,0.7963888214808064,1.1852111197556143e-37,3.0223003542039497,1.594138422601683,0.8571428571428571,0.24,25,7
1429,3,SP1,1429,1.0,1.7876988441203283,0.26142282794760974,0.0006686869882527996,3.281097469711027,1.5739556435426867,0.8571428571428571,0.24,25,7
1437,3,SP1,1437,1.0,1.7876988441203283,0.14701418630428081,0.058742494278960215,3.6950642410643213,1.8516248217760127,0.8571428571428571,0.24,25,7
1421,3,SP1,1421,1.0,1.7876988441203283,-0.6582432069049198,5.598520094000756e-22,-2.41213057136492,1.6720860916250508,0.8571428571428571,0.24,25,7
1417,3,SP1,1417,1.0,1.7876988441203283,0.7504076184979439,2.672603730051487e-31,3.157018718125145,1.9767226262650108,0.8571428571428571,0.24,25,7
1318,3,CEBPZ,1318,1.0,1.8028258934196468,0.7803280623856341,2.92706904948089e-35,2.781762715392557,1.6654266456363798,0.8,0.16,25,5
1323,3,CEBPZ,1323,1.0,1.8028258934196468,0.5438975280545153,3.6488100055480605e-14,2.6040345688023554,1.32275111185537,0.8,0.16,25,5
1339,3,CEBPZ,1339,1.0,1.8028258934196468,0.32800860491503303,1.6023386590368132e-05,2.9912656211109225,1.4907040813390318,0.8,0.16,25,5
1330,3,CEBPZ,1330,1.0,1.8028258934196468,0.3114703779735163,4.4120158129821524e-05,3.8473755256184434,1.8192161083916016,0.8,0.16,25,5
2983,3,CDC5L,2983,1.0,1.7997561052759916,0.8015858753467873,1.7911081424858162e-38,3.3187696044542867,2.049822645475407,1.0,0.1,20,2
3000,3,CDC5L,3000,1.0,1.7997561052759916,0.6468679289832164,4.746167592734638e-21,3.3384332405266735,1.8635452437517124,1.0,0.1,20,2
4859,3,RFX7,4859,1.0,1.7854503643974007,0.49788484367519076,8.794740508953604e-12,4.152430871890226,2.1883069214804314,0.6666666666666666,0.26666666666666666,15,6
4856,3,RFX7,4856,1.0,1.7854503643974007,0.3279062903765307,1.612706620789647e-05,2.998763400266694,1.4366728085431393,0.6666666666666666,0.26666666666666666,15,6
4848,3,RFX7,4848,1.0,1.7854503643974007,0.6977497360153736,1.5386872572068167e-25,2.377765815198647,1.3066697125305586,0.6666666666666666,0.26666666666666666,15,6
4853,3,RFX7,4853,1.0,1.7854503643974007,-0.5772861724524665,3.9070395962013685e-16,-2.5106032249175714,1.4363314104340772,0.6666666666666666,0.26666666666666666,15,6
4109,3,RORA,4109,1.0,1.8050051501389834,0.48704212604364117,2.853992814510337e-11,2.83425727145819,1.8750158452909287,0.8,0.16,25,5
4090,3,RORA,4090,1.0,1.8050051501389834,0.4975595359117473,9.116411180902286e-12,2.617881548743628,1.3292359041926531,0.8,0.16,25,5
4097,3,RORA,4097,1.0,1.8050051501389834,0.4811000124613862,5.3469401005695404e-11,3.3226845892891177,1.8464990281202154,0.8,0.16,25,5
4086,3,RORA,4086,1.0,1.8050051501389834,0.6265939096615094,1.724550338434249e-19,2.873806832594076,1.747125373480598,0.8,0.16,25,5
1250,3,ETV6,1250,-1.0,2.4482425829868593,-0.3926084304556277,1.678705761460301e-07,2.6591445771562947,1.303376570539196,0.6,0.12,25,5
1253,3,ETV6,1253,-1.0,2.4482425829868593,-0.29056673072256367,0.00014606238736561845,3.2730963460814433,1.811936140544251,0.6,0.12,25,5
1246,3,ETV6,1246,-1.0,2.4482425829868593,-0.22407277449482196,0.0037060380514841377,3.288553138009936,1.5798759737824801,0.6,0.12,25,5
171,3,ZNF263,171,1.0,2.0362028374560985,0.47741406562559446,7.845513011181758e-11,3.0489432328555357,1.4669837548253435,1.0,0.32,25,8
162,3,ZNF263,162,1.0,2.0362028374560985,0.30478320467498743,6.535308940350707e-05,2.873066858987538,1.3830291627658227,1.0,0.32,25,8
173,3,ZNF263,173,1.0,2.0362028374560985,0.25167146539341906,0.001072177344707148,3.0313551386796767,1.4764595910543936,1.0,0.32,25,8
158,3,ZNF263,158,1.0,2.0362028374560985,0.5236182618333979,4.5324519909711e-13,3.1668543355973564,1.6667410098849793,1.0,0.32,25,8
157,3,ZNF263,157,1.0,2.0362028374560985,0.3665785624807341,1.1886436334034942e-06,3.2306314916505237,1.9870290133553952,1.0,0.32,25,8
178,3,ZNF263,178,1.0,2.0362028374560985,0.32610135697936005,1.806358508397885e-05,2.9094023219519736,1.4006955909629113,1.0,0.32,25,8
159,3,ZNF263,159,1.0,2.0362028374560985,-0.22702677886286576,0.0032669042575888475,-2.953975011183,2.1837380401533992,1.0,0.32,25,8
177,3,ZNF263,177,1.0,2.0362028374560985,0.3244118553692178,2.007339258462655e-05,3.46906371298834,1.67370398396993,1.0,0.32,25,8
4541,3,YY1,4541,1.0,1.990477328934535,0.28039299276583746,0.0002532109739106525,3.0920738358347464,1.5362276407252258,1.0,0.24,25,6
4533,3,YY1,4533,1.0,1.990477328934535,0.5643499419561754,2.4074395483764296e-15,4.545995552410828,2.226747840153154,1.0,0.24,25,6
4535,3,YY1,4535,1.0,1.990477328934535,0.17824635504456587,0.02158334580811583,3.825507496073605,1.9393430004378154,1.0,0.24,25,6
4526,3,YY1,4526,1.0,1.990477328934535,0.30554925198890287,6.250685095399903e-05,2.7731037043253615,1.506813052801875,1.0,0.24,25,6
4517,3,YY1,4517,1.0,1.990477328934535,0.39498789933823486,1.3916772913117874e-07,3.0613810599391162,1.894505105530539,1.0,0.24,25,6
4518,3,YY1,4518,1.0,1.990477328934535,0.40139436351830843,8.338350225702104e-08,2.6188335541928636,1.317879902126236,1.0,0.24,25,6
7829,3,PAX9,7829,-1.0,3.842698905010109,-0.24271238465019584,0.0016285172662863139,2.653195852597469,1.3093122177799978,1.0,0.2,5,1
5357,3,PRDM4,5357,1.0,1.5338089882459338,-0.5058286493825056,3.6149585324706637e-12,-2.474004730470321,1.7012663522260347,1.0,0.2727272727272727,11,3
5352,3,PRDM4,5352,1.0,1.5338089882459338,0.625688819513219,2.0122359483651644e-19,3.134331829287929,1.8959668961772678,1.0,0.2727272727272727,11,3
5353,3,PRDM4,5353,1.0,1.5338089882459338,0.6060050763751796,5.110463403498133e-18,2.638400086378653,1.3752387342043795,1.0,0.2727272727272727,11,3
1168,3,ZBTB18,1168,1.0,1.557048745249696,0.5561070629824689,7.363571887538317e-15,3.261506800332079,1.6639587313751059,0.8571428571428571,0.2727272727272727,22,7
1175,3,ZBTB18,1175,1.0,1.557048745249696,0.21041509532960367,0.006507377721745534,2.7798818703678716,1.3872887166875212,0.8571428571428571,0.2727272727272727,22,7
1164,3,ZBTB18,1164,1.0,1.557048745249696,0.36952731994936744,9.603361940609675e-07,3.029775413424307,1.8826810403265606,0.8571428571428571,0.2727272727272727,22,7
1166,3,ZBTB18,1166,1.0,1.557048745249696,0.4058673452656571,5.793746402225712e-08,3.0078611018110877,1.5176844747341183,0.8571428571428571,0.2727272727272727,22,7
1171,3,ZBTB18,1171,1.0,1.557048745249696,-0.15754471342091284,0.0426459489895768,-4.428432067005179,2.3070498076658,0.8571428571428571,0.2727272727272727,22,7
1181,3,ZBTB18,1181,1.0,1.557048745249696,0.15580011936696161,0.04502368403840844,4.979008357970628,2.4556227440708556,0.8571428571428571,0.2727272727272727,22,7
6277,3,MSX1,6277,1.0,2.5405847580418963,-0.22137849164759205,0.004152187216154538,-2.934930245948567,1.6509514836312902,1.0,0.06666666666666667,15,1
255,3,POU2F1,255,1.0,1.5559470616628248,-0.2412327590164687,0.0017424015379233992,-3.3485602016224214,1.766420272585846,0.8333333333333334,0.2,25,6
252,3,POU2F1,252,1.0,1.5559470616628248,0.2657121682155952,0.0005401679651697789,4.091437345538475,1.936447522998771,0.8333333333333334,0.2,25,6
234,3,POU2F1,234,1.0,1.5559470616628248,0.7153137317916195,2.5770568695647726e-27,2.924714327936798,1.77803619384498,0.8333333333333334,0.2,25,6
256,3,POU2F1,256,1.0,1.5559470616628248,0.5531320710167836,1.0941111361002201e-14,2.60210154024455,1.4149591214569057,0.8333333333333334,0.2,25,6
239,3,POU2F1,239,1.0,1.5559470616628248,0.7126824117373142,4.849120391597265e-27,2.9927869740543636,1.5771383698359616,0.8333333333333334,0.2,25,6
1968,3,MGA,1968,1.0,1.8174481275600087,0.31233611637622893,4.19030712165444e-05,4.016006711801148,1.9685506704251128,1.0,0.25,8,2
1961,3,MGA,1961,1.0,1.8174481275600087,0.8215372103547561,7.257834877002253e-42,4.125595547884338,2.935415126495311,1.0,0.25,8,2
2647,3,ZSCAN26,2647,1.0,1.7805699506900141,0.22104793698473812,0.004210124917140357,3.819088926945126,2.0118014934658404,0.6,0.12,25,5
2648,3,ZSCAN26,2648,1.0,1.7805699506900141,0.3811675662912948,4.05229964059241e-07,2.7094659724718184,1.3537049969683153,0.6,0.12,25,5
2641,3,ZSCAN26,2641,1.0,1.7805699506900141,0.41441979130457596,2.8451329623646834e-08,2.6394447569538264,1.5389617186668996,0.6,0.12,25,5
296,3,ZSCAN16,296,1.0,1.829113636389149,0.43019984128129296,7.263050497363914e-09,2.5014295518788923,1.4269779615533125,0.8333333333333334,0.3333333333333333,15,6
294,3,ZSCAN16,294,1.0,1.829113636389149,0.39543126233841197,1.3436739466370675e-07,2.7141063477690412,1.5871558587101509,0.8333333333333334,0.3333333333333333,15,6
295,3,ZSCAN16,295,1.0,1.829113636389149,0.2278951407152836,0.0031470656569718646,5.722471442032184,3.983118390369552,0.8333333333333334,0.3333333333333333,15,6
298,3,ZSCAN16,298,1.0,1.829113636389149,0.44144919361714696,2.6269228452744255e-09,2.5083213738019663,1.3608875507299347,0.8333333333333334,0.3333333333333333,15,6
308,3,ZSCAN16,308,1.0,1.829113636389149,0.4539368142138506,8.127418882124414e-10,2.5302887722132503,1.3356428590157883,0.8333333333333334,0.3333333333333333,15,6
1916,3,REST,1916,1.0,1.8415997358038099,-0.7557122338018378,5.843468292693002e-32,-2.3665639679353996,1.6133219830969445,0.6666666666666666,0.08,25,3
1911,3,REST,1911,1.0,1.8415997358038099,0.8642207370581947,8.501063528760959e-51,2.9390926655269616,1.8188167942291762,0.6666666666666666,0.08,25,3
3021,3,RFX3,3021,1.0,1.804421658951069,0.49125800971988126,1.814702691328446e-11,3.491822028736607,2.0181127241924814,0.8571428571428571,0.24,25,7
3003,3,RFX3,3003,1.0,1.804421658951069,0.6733647710056339,2.8190670695864114e-23,2.8114397117693697,1.674110083751985,0.8571428571428571,0.24,25,7
3023,3,RFX3,3023,1.0,1.804421658951069,0.20617035370660655,0.007700203635065318,4.618691431830781,2.260075177651791,0.8571428571428571,0.24,25,7
3013,3,RFX3,3013,1.0,1.804421658951069,0.5751270733450953,5.321953618257889e-16,2.7473936014153386,1.4040099712030634,0.8571428571428571,0.24,25,7
3018,3,RFX3,3018,1.0,1.804421658951069,0.3123754681218068,4.180482633256903e-05,3.7965776457193043,1.8103780107510077,0.8571428571428571,0.24,25,7
3009,3,RFX3,3009,1.0,1.804421658951069,0.5092942264430613,2.4350436326356006e-12,2.6910668157643394,1.3577529054818012,0.8571428571428571,0.24,25,7
2741,3,SOX18,2741,-1.0,1.6372594556085536,0.0899043096720032,0.24935494945644102,-4.397453288617297,2.3083081767078775,1.0,0.16,25,4
2734,3,SOX18,2734,-1.0,1.6372594556085536,0.20639072348184248,0.007633799325974002,-2.3288539713942376,1.305185654239384,1.0,0.16,25,4
2733,3,SOX18,2733,-1.0,1.6372594556085536,-0.5371264043654204,8.622866631272361e-14,2.9148337468443115,1.7712464158584451,1.0,0.16,25,4
2735,3,SOX18,2735,-1.0,1.6372594556085536,-0.48808888247601184,2.5519819442295275e-11,2.5951251576794134,1.3252097651182446,1.0,0.16,25,4
3338,3,SP3,3338,1.0,1.8100641313640766,0.8826373539886275,1.2013045604971775e-55,3.063419475527344,1.8066807561485125,1.0,0.2,25,5
3361,3,SP3,3361,1.0,1.8100641313640766,-0.102614923493648,0.18831296286982768,-3.7709296296159045,2.292354753645256,1.0,0.2,25,5
3349,3,SP3,3349,1.0,1.8100641313640766,0.7058876770008723,2.4018397814925334e-26,3.1017921169059686,1.5711074411722128,1.0,0.2,25,5
3354,3,SP3,3354,1.0,1.8100641313640766,0.28026969062969354,0.000254872562280354,3.3516661055428005,1.614198198468046,1.0,0.2,25,5
3341,3,SP3,3341,1.0,1.8100641313640766,-0.761245089230083,1.147535317436855e-32,-4.024198042060973,3.872128201102742,1.0,0.2,25,5
1753,3,ELF2,1753,1.0,1.7987403067005066,0.14627437348741731,0.060039941712853616,3.4367003034620796,1.6676568543120456,0.75,0.24,25,8
1766,3,ELF2,1766,1.0,1.7987403067005066,0.4322566258501617,6.0473374150452005e-09,3.4358785561103047,1.668613342973374,0.75,0.24,25,8
1761,3,ELF2,1761,1.0,1.7987403067005066,0.1669602744128392,0.03155581375850052,2.961357581562034,1.4412037753908953,0.75,0.24,25,8
1758,3,ELF2,1758,1.0,1.7987403067005066,0.48052810042565475,5.6763887478175665e-11,3.910113191313032,2.431086640213664,0.75,0.24,25,8
1748,3,ELF2,1748,1.0,1.7987403067005066,0.1384014009221426,0.07535934458201292,4.424706177581581,3.155258473557673,0.75,0.24,25,8
1742,3,ELF2,1742,1.0,1.7987403067005066,0.6665359314230248,1.1108212607872187e-22,2.914901660283957,1.7576733451598272,0.75,0.24,25,8
8489,3,KLF4,8489,-1.0,2.8628298415447335,-0.29343678470004136,0.00012459025213311248,3.0665930687630443,1.5119335614727687,0.875,0.30434782608695654,23,8
8495,3,KLF4,8495,-1.0,2.8628298415447335,-0.21340320454381492,0.00576942341365263,2.920728175183665,1.5922630509322837,0.875,0.30434782608695654,23,8
8502,3,KLF4,8502,-1.0,2.8628298415447335,-0.34189977110401326,6.53173550826491e-06,3.535988411418835,1.7382896322952224,0.875,0.30434782608695654,23,8
8497,3,KLF4,8497,-1.0,2.8628298415447335,-0.16130936374786026,0.03787191085771196,3.7492922406134137,1.8256301892580096,0.875,0.30434782608695654,23,8
8496,3,KLF4,8496,-1.0,2.8628298415447335,0.250246932203501,0.0011470068138732176,-2.779336897029468,1.561164852384155,0.875,0.30434782608695654,23,8
8494,3,KLF4,8494,-1.0,2.8628298415447335,-0.3559955663699983,2.511902822018049e-06,3.4863398844273297,1.6460639813123084,0.875,0.30434782608695654,23,8
8504,3,KLF4,8504,-1.0,2.8628298415447335,-0.23900807366646776,0.0019273297540530997,3.1054542804503558,1.7532843872629083,0.875,0.30434782608695654,23,8
182,3,PURA,182,1.0,1.8245809039266057,0.8134150100674883,1.9537843031085982e-40,3.0796844330125888,2.0354797213588,1.0,0.14285714285714285,7,1
1073,3,SP100,1073,1.0,1.7831351162933247,0.6099271336844384,2.7310407677785595e-18,3.2171979387044862,1.9741538652487665,1.0,0.14285714285714285,7,1
2019,3,ATF7,2019,1.0,1.773149859298778,0.6624092450367612,2.5002360990020974e-22,2.928683353709215,1.8373608807158868,1.0,0.2727272727272727,11,3
2026,3,ATF7,2026,1.0,1.773149859298778,0.6078467380682229,3.811927714028749e-18,2.7607972493290394,1.3768215639134385,1.0,0.2727272727272727,11,3
2021,3,ATF7,2021,1.0,1.773149859298778,0.6634664952679526,2.033501764788149e-22,3.709361001916297,1.9073064178528032,1.0,0.2727272727272727,11,3
465,3,CREB1,465,1.0,1.8086361664196684,0.9091551836086864,2.7814047350370126e-64,2.8953953589509513,1.7551104395844863,0.5,0.08333333333333333,24,4
466,3,CREB1,466,1.0,1.8086361664196684,0.4900669635537251,2.0636370161428427e-11,2.4020972137735703,1.3410226526761522,0.5,0.08333333333333333,24,4
4768,3,TFCP2L1,4768,1.0,1.4028839015702121,0.29357320408471127,0.00012364699398201878,3.1211957408711837,1.8690991147375262,1.0,0.2727272727272727,11,3
4763,3,TFCP2L1,4763,1.0,1.4028839015702121,0.4474909982881991,1.497992547798907e-09,2.814025550386345,1.441010007028315,1.0,0.2727272727272727,11,3
4762,3,TFCP2L1,4762,1.0,1.4028839015702121,0.2748916187340544,0.0003380210023322068,2.4077713582641045,1.3388678536855463,1.0,0.2727272727272727,11,3
844,3,ZNF652,844,1.0,1.561917824024983,0.4634468193951638,3.220473465087239e-10,2.951427706501628,1.8334216750411034,0.6666666666666666,0.1111111111111111,18,3
847,3,ZNF652,847,1.0,1.561917824024983,0.2723337552714943,0.00038582681851487787,2.687739120849853,1.3220670818261469,0.6666666666666666,0.1111111111111111,18,3
2400,3,E2F6,2400,1.0,3.051731624026023,0.420734434744968,1.6613443529240046e-08,3.850756115587558,2.025847500463808,1.0,0.375,8,3
2394,3,E2F6,2394,1.0,3.051731624026023,0.39456290048599413,1.4392321126529427e-07,2.7322597394461012,1.5228829729618243,1.0,0.375,8,3
2393,3,E2F6,2393,1.0,3.051731624026023,0.567563667845033,1.5437687559745586e-15,2.9432458458299835,1.7729962080252555,1.0,0.375,8,3
131,3,NFAT5,131,1.0,1.8071650266047214,0.4692052914980554,1.813063323721849e-10,2.773998176954046,1.3596704438573548,1.0,0.3333333333333333,18,6
116,3,NFAT5,116,1.0,1.8071650266047214,0.6581225282184809,5.729699581117279e-22,4.273871663938888,2.3179456901660194,1.0,0.3333333333333333,18,6
117,3,NFAT5,117,1.0,1.8071650266047214,-0.6711505794544538,4.415080440738155e-23,-2.93649033738216,2.213192241547025,1.0,0.3333333333333333,18,6
129,3,NFAT5,129,1.0,1.8071650266047214,0.3574883092522513,2.26397024662969e-06,3.081873201915879,1.8825513330407235,1.0,0.3333333333333333,18,6
130,3,NFAT5,130,1.0,1.8071650266047214,0.2555279364600481,0.0008914844232925119,3.1817483211112707,1.7603416924841733,1.0,0.3333333333333333,18,6
114,3,NFAT5,114,1.0,1.8071650266047214,0.6285168982954136,1.2404781384748024e-19,3.1780110834675144,1.9589536137388428,1.0,0.3333333333333333,18,6
384,3,CTCF,384,1.0,1.8131331674162112,0.7398692210321963,4.905106350450413e-30,3.0746365579514507,1.8602028228937362,0.6666666666666666,0.08,25,3
387,3,CTCF,387,1.0,1.8131331674162112,-0.5689436023899628,1.27373162168388e-15,-3.4534872828983265,2.482008901572684,0.6666666666666666,0.08,25,3
8346,3,MYC,8346,1.0,1.7691894940088686,0.492651061513337,1.5603978477678785e-11,2.6312618407375106,1.3025219117366766,1.0,0.17647058823529413,17,3
8351,3,MYC,8351,1.0,1.7691894940088686,0.5170150389254351,9.935259148249613e-13,3.037182351013038,1.4438311288851622,1.0,0.17647058823529413,17,3
8348,3,MYC,8348,1.0,1.7691894940088686,0.5700218402187958,1.0953648729561492e-15,3.6423538328111578,1.8742692010821078,1.0,0.17647058823529413,17,3
3239,3,CEBPB,3239,-1.0,1.914219494229366,-0.5045930045713611,4.157379297713571e-12,3.4360537869994805,1.832167874221781,0.6666666666666666,0.08,25,3
3235,3,CEBPB,3235,-1.0,1.914219494229366,-0.6337191990608051,5.0286597449310486e-20,2.795100862972774,1.6909972423351112,0.6666666666666666,0.08,25,3
2039,3,HLTF,2039,1.0,1.8033585364212605,0.5974027847918622,1.9605645682021724e-17,2.7305578024459582,1.5822019711388733,1.0,0.25,8,2
2045,3,HLTF,2045,1.0,1.8033585364212605,0.4120114644752118,3.482977284381878e-08,2.76108510258398,1.4002555348861192,1.0,0.25,8,2
8906,3,HOXA7,8906,1.0,1.3496643399283377,0.3569714896603289,2.347049948831278e-06,2.6409304884163163,1.434248390902614,1.0,0.3333333333333333,3,1
1575,3,E2F3,1575,1.0,1.8074546131277884,0.7322953217333132,3.6452135479820313e-29,3.033665632637359,1.8375041065573297,1.0,0.09090909090909091,11,1
363,3,NF1,363,1.0,1.8467933413961275,0.7627824307573244,7.243210714245616e-33,3.8794461316696354,2.116888213212243,0.75,0.24,25,8
371,3,NF1,371,1.0,1.8467933413961275,0.43269998885033883,5.812267560591501e-09,3.584623620137714,1.707873333701065,0.75,0.24,25,8
359,3,NF1,359,1.0,1.8467933413961275,0.7689344203159946,1.1087394188249109e-33,3.096851484981796,1.920194684388208,0.75,0.24,25,8
379,3,NF1,379,1.0,1.8467933413961275,0.2220894465176985,0.004029997123829815,3.866169922407235,1.8537568614628241,0.75,0.24,25,8
374,3,NF1,374,1.0,1.8467933413961275,0.2923244420250409,0.00013253607193222997,4.202217503514297,2.0219659489925474,0.75,0.24,25,8
380,3,NF1,380,1.0,1.8467933413961275,0.6118396285195219,2.0056608395112133e-18,2.9501672477443717,1.6243832435438692,0.75,0.24,25,8
6881,3,MAFK,6881,1.0,1.4399015859804627,0.280621232890189,0.00025016179745840594,2.952303654269717,1.41775419000384,1.0,0.24,25,6
6897,3,MAFK,6897,1.0,1.4399015859804627,0.34383325353673816,5.7448811793127325e-06,5.6883058219155265,3.036072886249919,1.0,0.24,25,6
6884,3,MAFK,6884,1.0,1.4399015859804627,0.3146736100635531,3.64285830361602e-05,2.7919744189554643,1.3547181089488087,1.0,0.24,25,6
6880,3,MAFK,6880,1.0,1.4399015859804627,0.30856621914987115,5.238944305888698e-05,2.7151543753029364,1.38164439428274,1.0,0.24,25,6
6893,3,MAFK,6893,1.0,1.4399015859804627,0.20046435059781864,0.009607980103513764,2.8178664008596677,1.9091647555679923,1.0,0.24,25,6
6896,3,MAFK,6896,1.0,1.4399015859804627,0.33613080520230076,9.531643463081157e-06,4.478895399411516,2.341856671516095,1.0,0.24,25,6
3703,3,ZNF148,3703,1.0,1.8341937543972244,-0.7284021223708115,9.954859881191258e-29,-2.568606479702857,1.6753987593818638,1.0,0.2,25,5
3699,3,ZNF148,3699,1.0,1.8341937543972244,0.8572528546412106,3.817355377921185e-49,3.348544854557535,2.100537778036552,1.0,0.2,25,5
3722,3,ZNF148,3722,1.0,1.8341937543972244,-0.18727102203041893,0.01569204084686756,-3.0910508335984828,1.7320751613924241,1.0,0.2,25,5
3723,3,ZNF148,3723,1.0,1.8341937543972244,0.6553075666848122,9.805229650851252e-22,2.543080823431989,1.3021663195698407,1.0,0.2,25,5
3705,3,ZNF148,3705,1.0,1.8341937543972244,0.7568586813230058,4.18552998510122e-32,4.70999228649647,2.7083538861265075,1.0,0.2,25,5
2187,3,REL,2187,1.0,1.8018493304522765,0.8267972270136618,7.858858968522861e-43,3.44532509718239,2.216772537214678,0.6666666666666666,0.15384615384615385,13,3
2193,3,REL,2193,1.0,1.8018493304522765,0.6303900413849192,8.979449366629386e-20,3.325474029749281,1.700374001544329,0.6666666666666666,0.15384615384615385,13,3
100,3,DR1,100,1.0,1.775919163792985,0.37232391733509984,7.829299681346449e-07,3.5411596916615933,2.053590698925135,0.75,0.13043478260869565,23,4
91,3,DR1,91,1.0,1.775919163792985,0.6588492237868185,4.983009031333968e-22,2.8657488969236757,1.7138365749766986,0.75,0.13043478260869565,23,4
98,3,DR1,98,1.0,1.775919163792985,0.2302667392487752,0.0028397331159281183,2.6455354623738003,1.3081371445576448,0.75,0.13043478260869565,23,4
2827,3,BBX,2827,1.0,1.851624494327682,0.14724767332804276,0.05833783749161267,3.762980314659646,1.8541196796335084,0.6666666666666666,0.24,25,9
2813,3,BBX,2813,1.0,1.851624494327682,0.6362796859730704,3.204059178901806e-20,3.20031363708367,1.6992165906751822,0.6666666666666666,0.24,25,9
2805,3,BBX,2805,1.0,1.851624494327682,0.819131506975097,1.9581415450781774e-41,3.1246857819511957,1.9792074323905016,0.6666666666666666,0.24,25,9
2818,3,BBX,2818,1.0,1.851624494327682,0.6113779013714085,2.161268928214546e-18,3.4195134695077676,1.9274958041188566,0.6666666666666666,0.24,25,9
2821,3,BBX,2821,1.0,1.851624494327682,0.698985380826518,1.1652622420036495e-25,2.7821465587988348,1.426336362321085,0.6666666666666666,0.24,25,9
2824,3,BBX,2824,1.0,1.851624494327682,0.6794747853690211,8.009580870548287e-24,3.450961622578767,1.7423670390550388,0.6666666666666666,0.24,25,9
2557,3,FOXO3,2557,1.0,1.5592696567883404,0.3294383850043615,1.4638820531696285e-05,2.6538293131702533,1.324986757920618,1.0,0.24,25,6
2537,3,FOXO3,2537,1.0,1.5592696567883404,0.7398849617304275,4.884347890018453e-30,2.9187417480398468,1.5190030386050193,1.0,0.24,25,6
2534,3,FOXO3,2534,1.0,1.5592696567883404,0.6386958831515502,2.0858725241077746e-20,2.8295351039248717,1.6858516771748904,1.0,0.24,25,6
2558,3,FOXO3,2558,1.0,1.5592696567883404,0.38371493595503414,3.339935237966959e-07,2.786307749733474,1.3787887554878588,1.0,0.24,25,6
2549,3,FOXO3,2549,1.0,1.5592696567883404,0.5939031028851388,3.3494533990688956e-17,2.752560312923929,1.4799243899716195,1.0,0.24,25,6
2550,3,FOXO3,2550,1.0,1.5592696567883404,-0.3289661640574274,1.5083097657592985e-05,-3.3015727626286835,1.699280808596677,1.0,0.24,25,6
1260,3,SOX9,1260,1.0,1.8014397035539547,0.5111726164319773,1.961946896336763e-12,3.398189477440369,1.8431502001556819,1.0,0.2,25,5
1257,3,SOX9,1257,1.0,1.8014397035539547,0.3604764184664625,1.8358507647149987e-06,2.9759599871052385,1.8009193424496912,1.0,0.2,25,5
1262,3,SOX9,1262,1.0,1.8014397035539547,-0.34843740776934634,4.21724609598973e-06,-3.5143931037324774,1.8007626862435997,1.0,0.2,25,5
1276,3,SOX9,1276,1.0,1.8014397035539547,0.43347915341278015,5.42032880842594e-09,2.7217780183543527,1.369006027790023,1.0,0.2,25,5
1267,3,SOX9,1267,1.0,1.8014397035539547,0.25146683631641426,0.0010826437494037718,3.8789351101685225,1.8338304034564334,1.0,0.2,25,5
7548,3,SPDEF,7548,-1.0,2.6905498108100043,0.5993179030766507,1.4584693719044285e-17,-4.245605206157268,2.216614503461685,1.0,0.48,25,12
7540,3,SPDEF,7540,-1.0,2.6905498108100043,0.5133684438352212,1.5215373846574434e-12,-3.249902378077219,2.014427824868536,1.0,0.48,25,12
7554,3,SPDEF,7554,-1.0,2.6905498108100043,-0.4590997632336641,4.934269969943458e-10,3.06324372606135,1.4893299555771229,1.0,0.48,25,12
7558,3,SPDEF,7558,-1.0,2.6905498108100043,-0.4667077673787147,2.329148388013475e-10,4.279121885959078,2.340703117069502,1.0,0.48,25,12
7556,3,SPDEF,7556,-1.0,2.6905498108100043,-0.22497786464311248,0.003566151007147474,3.851004839458922,1.9385825582866496,1.0,0.48,25,12
7560,3,SPDEF,7560,-1.0,2.6905498108100043,-0.43589010369184966,4.36235132610642e-09,6.488071293945303,3.0029339348019373,1.0,0.48,25,12
7544,3,SPDEF,7544,-1.0,2.6905498108100043,-0.25437624203946985,0.0009422767880390043,2.624556502786538,1.412218694190705,1.0,0.48,25,12
7543,3,SPDEF,7543,-1.0,2.6905498108100043,-0.44218900643401043,2.453764828808405e-09,3.3779147354077925,1.6153336067454556,1.0,0.48,25,12
7545,3,SPDEF,7545,-1.0,2.6905498108100043,-0.35883676240071893,2.060174430117139e-06,2.4593499215941037,1.346904564562543,1.0,0.48,25,12
7562,3,SPDEF,7562,-1.0,2.6905498108100043,0.4600625692754688,4.491641066387878e-10,-2.692858188569536,1.541032813811669,1.0,0.48,25,12
7546,3,SPDEF,7546,-1.0,2.6905498108100043,0.4287254625469762,8.276010119985004e-09,-5.379492202339579,3.4254819468971927,1.0,0.48,25,12
7551,3,SPDEF,7551,-1.0,2.6905498108100043,-0.46509959270943335,2.733891643388363e-10,5.478121493895793,3.5758771511002863,1.0,0.48,25,12
7315,3,HNF4A,7315,1.0,1.7978324221583795,-0.347133553265867,4.605359246859988e-06,-4.720379438378034,3.029012266417883,1.0,0.32,25,8
7314,3,HNF4A,7314,1.0,1.7978324221583795,-0.1424047851722623,0.06721520563967648,-2.3946219288860866,1.5694442992554305,1.0,0.32,25,8
7323,3,HNF4A,7323,1.0,1.7978324221583795,-0.3479100943786032,4.370313607868933e-06,-4.065555371270041,2.088980712396992,1.0,0.32,25,8
7328,3,HNF4A,7328,1.0,1.7978324221583795,0.4592729109142067,4.851675218538068e-10,2.794869814355729,1.3745535831253068,1.0,0.32,25,8
7334,3,HNF4A,7334,1.0,1.7978324221583795,0.4144014271566397,2.849541919690593e-08,3.3906856955971976,1.6211056155828094,1.0,0.32,25,8
7331,3,HNF4A,7331,1.0,1.7978324221583795,0.5845977267808306,1.3486651555476278e-16,3.195799166705114,1.5311800448024333,1.0,0.32,25,8
7313,3,HNF4A,7313,1.0,1.7978324221583795,0.3894051983655909,2.1557455007487777e-07,2.8391104964598353,1.5022347281161177,1.0,0.32,25,8
7326,3,HNF4A,7326,1.0,1.7978324221583795,0.495497504443468,1.1437512136616264e-11,2.5317040771173454,1.3066637635048837,1.0,0.32,25,8
5406,3,ATF2,5406,1.0,1.806870694341973,0.23278525096575745,0.0025433207964489207,4.009416229324548,2.0408125264002632,0.8333333333333334,0.2,25,6
5393,3,ATF2,5393,1.0,1.806870694341973,0.5517495130221486,1.3134172789975321e-14,3.1858589030274174,1.6364182512165164,0.8333333333333334,0.2,25,6
5390,3,ATF2,5390,1.0,1.806870694341973,-0.680993762748326,5.8302974388472545e-24,-2.064757519737489,1.3328373172075756,0.8333333333333334,0.2,25,6
5388,3,ATF2,5388,1.0,1.806870694341973,0.7850581422040913,6.06954664358138e-36,2.7690831642985003,1.6817911982614464,0.8333333333333334,0.2,25,6
5412,3,ATF2,5412,1.0,1.806870694341973,0.1097664473899955,0.15918646419791643,2.8447807046483837,1.4490483654080666,0.8333333333333334,0.2,25,6
4051,3,GTF2A1,4051,1.0,1.822717832414928,0.8595614903817776,1.1071161668260681e-49,2.534125559313859,1.4830459237968479,1.0,0.3,10,3
4058,3,GTF2A1,4058,1.0,1.822717832414928,0.3690734631503696,9.92521716267428e-07,3.7883243571801293,1.784967736853554,1.0,0.3,10,3
4060,3,GTF2A1,4060,1.0,1.822717832414928,0.6576293196739054,6.297860569391105e-22,3.805185574354071,2.1195776068899037,1.0,0.3,10,3
5456,3,ZNF713,5456,1.0,1.3841483174214373,0.48245633595896925,4.6380054683827755e-11,2.648822327661175,1.5353441328530277,0.8,0.16666666666666666,24,5
5470,3,ZNF713,5470,1.0,1.3841483174214373,0.3867161624177713,2.6539882042125637e-07,4.829448473495883,2.4067745094095803,0.8,0.16666666666666666,24,5
5474,3,ZNF713,5474,1.0,1.3841483174214373,0.398112427937116,1.0854960221029365e-07,5.743309557072884,2.947744945804762,0.8,0.16666666666666666,24,5
5461,3,ZNF713,5461,1.0,1.3841483174214373,0.4826242367401015,4.556856193510641e-11,2.662470925278794,1.3750546444668057,0.8,0.16666666666666666,24,5
6410,3,NFIX,6410,1.0,1.797595320302183,0.3223891756465164,2.275703032948315e-05,3.4339898035597027,1.7793587547248,1.0,0.1875,16,3
6409,3,NFIX,6409,1.0,1.797595320302183,0.3695115792511363,9.614355939985448e-07,5.293644587682809,2.6907130527250125,1.0,0.1875,16,3
6400,3,NFIX,6400,1.0,1.797595320302183,-0.23430685179476754,0.0023781185768906358,-3.134464628607886,2.347213798142161,1.0,0.1875,16,3
7,3,ETS1,7,1.0,1.734754950959466,-0.6225983957605054,3.3948460618124995e-19,-3.17190720379871,2.6095497809123396,0.5,0.12,25,6
0,3,ETS1,0,1.0,1.734754950959466,0.7124095729679742,5.175511478173795e-27,3.122534515629576,1.9637186920785805,0.5,0.12,25,6
12,3,ETS1,12,1.0,1.734754950959466,0.536486282637354,9.34396029178235e-14,3.238089834764462,1.723711841409553,0.5,0.12,25,6
794,3,BACH1,794,1.0,1.8371491633686978,0.786228200772606,4.087605768597502e-36,3.0964433990430567,1.9573141835485175,0.6,0.12,25,5
814,3,BACH1,814,1.0,1.8371491633686978,0.5408700670947263,5.372571973769601e-14,3.099635179189071,1.6408459203061805,0.6,0.12,25,5
811,3,BACH1,811,1.0,1.8371491633686978,0.23152861855697154,0.002687520963323419,3.100423240689579,1.4952045680834327,0.6,0.12,25,5
2952,3,BPTF,2952,1.0,1.83306443051143,0.6798735497242099,7.370270195079876e-24,2.924112009179977,1.4882797263791683,0.75,0.12,25,4
2969,3,BPTF,2969,1.0,1.83306443051143,0.5130090312256101,1.5863819025684833e-12,2.6520902091227128,1.4604576696122822,0.75,0.12,25,4
2950,3,BPTF,2950,1.0,1.83306443051143,0.7625935423785507,7.665946716892126e-33,2.888978075153059,1.7410973143414052,0.75,0.12,25,4
4019,3,ZEB1,4019,1.0,1.3065946978842053,0.6152527365859737,1.1500624073774572e-18,2.884911274661766,1.7227871753555313,0.6,0.12,25,5
4024,3,ZEB1,4024,1.0,1.3065946978842053,0.4596952863167422,4.6557629894193913e-10,2.876697928175159,1.5138881973839882,0.6,0.12,25,5
4027,3,ZEB1,4027,1.0,1.3065946978842053,0.30067488243666013,8.280721919860624e-05,2.850718760677765,1.3665911649742233,0.6,0.12,25,5
5324,3,NR3C2,5324,-1.0,2.4474264138703257,-0.01646608207462403,0.8332292075528952,3.1537089276150216,1.6666513516835215,0.5,0.16666666666666666,6,2
6062,3,TBX21,6062,-1.0,1.323208098935528,0.5378718168517248,7.851312678894598e-14,-3.7692298243758855,1.8731319913183822,1.0,0.2222222222222222,9,2
6064,3,TBX21,6064,-1.0,1.323208098935528,0.2543855909554436,0.0009418539988047597,-3.0720069339534444,1.5519177113122749,1.0,0.2222222222222222,9,2
7934,3,XBP1,7934,-1.0,2.92555764213627,-0.2691987328737924,0.00045294344327348734,4.897108246930712,2.2228776889499064,0.3333333333333333,0.0625,16,3
4825,3,ESRRA,4825,1.0,1.5044259667439333,-0.24235034859087962,0.0016557372980271563,-2.4577998096011138,1.370906155321913,0.5714285714285714,0.16,25,7
4834,3,ESRRA,4834,1.0,1.5044259667439333,-0.5933967770920372,3.617360279462383e-17,-3.4315441318302278,1.958642589312241,0.5714285714285714,0.16,25,7
4844,3,ESRRA,4844,1.0,1.5044259667439333,0.4998681716523143,7.059128965127741e-12,3.1742011338081046,1.5224875902929969,0.5714285714285714,0.16,25,7
4837,3,ESRRA,4837,1.0,1.5044259667439333,-0.41875897711696,1.968201383245733e-08,-4.318446286695575,2.2721289254671584,0.5714285714285714,0.16,25,7
65,3,PARP1,65,1.0,1.4317865537099972,0.5773753697424429,3.8572830335454183e-16,2.7759178296752314,1.6323524730384862,0.7142857142857143,0.21739130434782608,23,7
74,3,PARP1,74,1.0,1.4317865537099972,0.3408241567248854,7.012630319832584e-06,2.8414237563615408,1.5511457559628032,0.7142857142857143,0.21739130434782608,23,7
83,3,PARP1,83,1.0,1.4317865537099972,0.22264299440549354,0.003937110082999385,3.782687686970404,1.9406141149836418,0.7142857142857143,0.21739130434782608,23,7
66,3,PARP1,66,1.0,1.4317865537099972,0.4779072741701701,7.455125327372272e-11,2.705889383415715,1.3931763207582564,0.7142857142857143,0.21739130434782608,23,7
76,3,PARP1,76,1.0,1.4317865537099972,0.3256711112277089,1.8556558539058906e-05,3.4136164307092787,1.632944756230697,0.7142857142857143,0.21739130434782608,23,7
1509,3,BDP1,1509,1.0,1.8783713991234217,-0.7135350328915008,3.9540581227001244e-27,-4.385083278729909,2.919368936062965,0.8,0.18181818181818182,22,5
1507,3,BDP1,1507,1.0,1.8783713991234217,0.4461923906841302,1.6917796902466983e-09,2.657763359255797,1.336970917334442,0.8,0.18181818181818182,22,5
1503,3,BDP1,1503,1.0,1.8783713991234217,0.826317135717612,9.65654774336285e-43,2.939219111076609,1.8537101527999256,0.8,0.18181818181818182,22,5
1515,3,BDP1,1515,1.0,1.8783713991234217,0.09058378314564737,0.24578047720359683,2.91017238774899,1.4089906812060615,0.8,0.18181818181818182,22,5
5838,3,IRF4,5838,-1.0,3.2011005841635285,0.3960477730191315,1.2795540980098952e-07,-3.4109885783706577,2.105984894348027,1.0,0.3076923076923077,13,4
5831,3,IRF4,5831,-1.0,3.2011005841635285,0.6391077647552651,1.9379612956191446e-20,-2.5454708719055863,1.443538387654987,1.0,0.3076923076923077,13,4
5833,3,IRF4,5833,-1.0,3.2011005841635285,0.6769930019479116,1.3402111909875958e-23,-3.5184409209357685,1.8199835467404324,1.0,0.3076923076923077,13,4
5834,3,IRF4,5834,-1.0,3.2011005841635285,0.4732296633458167,1.205780057080679e-10,-2.8194560561753352,1.431186487146835,1.0,0.3076923076923077,13,4
7653,3,TGIF2,7653,1.0,1.8550679760828241,-0.3202589344859023,2.5947118969877712e-05,-4.308184476194777,2.5566794414146092,1.0,0.3333333333333333,6,2
7654,3,TGIF2,7654,1.0,1.8550679760828241,0.31669891323595967,3.223651188203473e-05,5.350000288200964,3.3491502082262614,1.0,0.3333333333333333,6,2
3417,3,MEF2A,3417,1.0,1.7788468697561493,0.6196863665877446,5.527826181397648e-19,3.2072020911369057,1.7041200612625023,0.6666666666666666,0.16,25,6
3410,3,MEF2A,3410,1.0,1.7788468697561493,0.7808999744213654,2.425060926653534e-35,3.0142780388469452,1.8500471019794853,0.6666666666666666,0.16,25,6
3433,3,MEF2A,3433,1.0,1.7788468697561493,0.4252625089361256,1.121855691064391e-08,2.6649480029785018,1.3595928786252678,0.6666666666666666,0.16,25,6
3434,3,MEF2A,3434,1.0,1.7788468697561493,0.6575348754845185,6.412790484944194e-22,2.570825839922929,1.3819279839059284,0.6666666666666666,0.16,25,6
3229,3,ZNF217,3229,1.0,1.7746241298494254,0.5570882331722099,6.456467714464359e-15,2.334228562303466,1.305763509687661,1.0,0.3333333333333333,6,2
3232,3,ZNF217,3232,1.0,1.7746241298494254,-0.2568081799161808,0.0008379820155483386,-4.040752884320177,1.994923397957421,1.0,0.3333333333333333,6,2
3517,3,HIVEP2,3517,1.0,1.7812179429532522,0.7005935554957993,8.097925312604473e-26,2.786262796436705,1.6747603532176056,1.0,0.14285714285714285,7,1
1363,3,KLF16,1363,1.0,1.5728456472658767,0.3737248394776712,7.062783651372108e-07,2.9206471453687715,1.9724309189522224,0.6666666666666666,0.16,25,6
1366,3,KLF16,1366,1.0,1.5728456472658767,0.5647119780154916,2.2904490677521745e-15,3.2026671428676874,1.800259606880769,0.6666666666666666,0.16,25,6
1355,3,KLF16,1355,1.0,1.5728456472658767,0.3913859028930092,1.8474248097729742e-07,3.062705776019079,1.532554222332527,0.6666666666666666,0.16,25,6
1356,3,KLF16,1356,1.0,1.5728456472658767,0.5795344688498141,2.825054229302019e-16,2.856077073209716,1.4943321805509249,0.6666666666666666,0.16,25,6
7975,3,ATOH1,7975,-1.0,2.909778985570542,-0.18633182703596093,0.01623157216936937,3.435531053588554,1.628527257846422,1.0,0.4,5,2
7972,3,ATOH1,7972,-1.0,2.909778985570542,0.6197676935286055,5.453445921045916e-19,-4.121155727522879,2.7856764051929606,1.0,0.4,5,2
7984,3,FOXA2,7984,1.0,1.461555441521468,-0.24489771825461892,0.0014726961002454655,-3.810525429682195,2.0034365937955276,0.5,0.12,25,6
7998,3,FOXA2,7998,1.0,1.461555441521468,0.12027861035869118,0.12268990734359088,3.4872212345069147,1.715272889152459,0.5,0.12,25,6
7991,3,FOXA2,7991,1.0,1.461555441521468,0.23515684949924906,0.002290130095156352,3.141430444342491,1.5056363279036649,0.5,0.12,25,6
1502,3,ZBTB14,1502,1.0,1.7542566403616342,0.16912724386932598,0.029383453669090044,4.814638154268073,2.345203391261974,0.8,0.2222222222222222,18,5
1490,3,ZBTB14,1490,1.0,1.7542566403616342,-0.6551501597025009,1.0102563410998559e-21,-2.8555049017081746,1.8664061075402296,0.8,0.2222222222222222,18,5
1491,3,ZBTB14,1491,1.0,1.7542566403616342,0.44303113378937636,2.2700559204829e-09,3.0454733042358413,1.5183007360136151,0.8,0.2222222222222222,18,5
1485,3,ZBTB14,1485,1.0,1.7542566403616342,0.7177456696683304,1.4276238353379498e-27,3.0518310428243787,1.8544581670895082,0.8,0.2222222222222222,18,5
2292,3,GZF1,2292,1.0,2.0040123636019485,0.4674423332961678,2.1641771823659568e-10,2.988489501660074,1.7161632717883633,1.0,0.3333333333333333,3,1
5503,3,HSF2,5503,1.0,1.7451901319710856,-0.4777000216434601,7.616822844096774e-11,-4.030554069711387,2.842671633800252,1.0,0.2,25,5
5490,3,HSF2,5490,1.0,1.7451901319710856,0.5446347174216738,3.3187907704608175e-14,2.9767868451968686,1.5996912505921825,1.0,0.2,25,5
5480,3,HSF2,5480,1.0,1.7451901319710856,0.6427858412419412,9.998567463340227e-21,3.1293274666788777,1.9249928437706414,1.0,0.2,25,5
5493,3,HSF2,5493,1.0,1.7451901319710856,0.36560788608981387,1.2745082896530632e-06,3.4380882418332446,1.6434748700486348,1.0,0.2,25,5
5483,3,HSF2,5483,1.0,1.7451901319710856,0.43838238091178,3.479019992780757e-09,3.132906478609187,1.6477187525906722,1.0,0.2,25,5
3198,3,IKZF2,3198,1.0,1.8049230656599802,0.5387188383364706,7.056054889214263e-14,2.628561169125743,1.3530205517662743,0.375,0.12,25,8
3206,3,IKZF2,3206,1.0,1.8049230656599802,0.43411927514084653,5.1175125513785205e-09,3.15628321764435,1.6898010907119858,0.375,0.12,25,8
3189,3,IKZF2,3189,1.0,1.8049230656599802,0.7044290389647868,3.366186138398957e-26,2.7552597871063176,1.637614339365152,0.375,0.12,25,8
7119,3,GFI1,7119,-1.0,3.018014432974593,0.5044670789855121,4.2169031122431246e-12,-3.3113621647417046,1.7325056374643322,1.0,0.28,25,7
7134,3,GFI1,7134,-1.0,3.018014432974593,-0.2996989591463295,8.755157089306626e-05,2.728244545249192,1.3973871554581867,1.0,0.28,25,7
7120,3,GFI1,7120,-1.0,3.018014432974593,0.5727161230660257,7.495352376881244e-16,-6.408926180310893,4.918365354349885,1.0,0.28,25,7
7114,3,GFI1,7114,-1.0,3.018014432974593,0.5995041680057193,1.416952010784848e-17,-4.680619106597714,3.134662191651345,1.0,0.28,25,7
7116,3,GFI1,7116,-1.0,3.018014432974593,0.5072558060221288,3.0737775366696113e-12,-3.660174719655189,1.9265025403595366,1.0,0.28,25,7
7133,3,GFI1,7133,-1.0,3.018014432974593,-0.32210059617894554,2.316641426858835e-05,3.9881606818587656,2.2615867750761067,1.0,0.28,25,7
7135,3,GFI1,7135,-1.0,3.018014432974593,0.4587508444228739,5.104860906573329e-10,-4.460960567306962,3.008813687598495,1.0,0.28,25,7
2803,3,PLAG1,2803,1.0,1.3193948905463166,0.1780889480622545,0.0217010903200718,3.7974065410185163,1.9574225079392034,1.0,0.2,25,5
2790,3,PLAG1,2790,1.0,1.3193948905463166,0.10936768303480664,0.1607159776111165,5.886337938310292,2.7228716907327697,1.0,0.2,25,5
2794,3,PLAG1,2794,1.0,1.3193948905463166,0.43506896393412525,4.698103117786599e-09,4.020258993949865,1.8810649092884117,1.0,0.2,25,5
2789,3,PLAG1,2789,1.0,1.3193948905463166,-0.3167802401768206,3.207805420036642e-05,-3.1591712061332267,1.6244205702049161,1.0,0.2,25,5
2780,3,PLAG1,2780,1.0,1.3193948905463166,0.32584425890825147,1.83566592605943e-05,3.296287275214138,2.021201290801007,1.0,0.2,25,5
1067,3,ZBTB6,1067,1.0,1.8326762692699121,0.5541158646562298,9.602426636224264e-15,3.081570321919516,2.2750798907859187,0.5,0.18181818181818182,11,4
1062,3,ZBTB6,1062,1.0,1.8326762692699121,0.7386388231204625,6.826658384534175e-30,2.748266068946515,1.5229819733084156,0.5,0.18181818181818182,11,4
2609,3,NFYA,2609,1.0,1.3842742425027772,0.6818778652989751,4.842089892499988e-24,3.012958642427186,1.8366664069062046,1.0,0.16,25,4
2616,3,NFYA,2616,1.0,1.3842742425027772,0.6482740980251983,3.662097908065166e-21,3.5947750929768914,1.901456058134203,1.0,0.16,25,4
2622,3,NFYA,2622,1.0,1.3842742425027772,0.4988030510720071,7.945100832186457e-12,3.428313419564313,1.6509544930235287,1.0,0.16,25,4
2619,3,NFYA,2619,1.0,1.3842742425027772,0.2388585370332719,0.001940378548751854,2.863899143832409,1.3887107516350918,1.0,0.16,25,4
3612,3,ELF1,3612,1.0,1.6524355351831952,0.5676161368391367,1.5325487104154053e-15,3.146861846399218,1.9924113812299398,1.0,0.24,25,6
3622,3,ELF1,3622,1.0,1.6524355351831952,0.2991926333532278,9.011213149999348e-05,2.76405359399911,1.3299882583082734,1.0,0.24,25,6
3626,3,ELF1,3626,1.0,1.6524355351831952,0.3536318381856222,2.958023560664608e-06,3.2512197837374717,1.5826223254437752,1.0,0.24,25,6
3636,3,ELF1,3636,1.0,1.6524355351831952,0.7987577965645927,5.043043408993956e-38,3.151908838636246,1.5810848979218912,1.0,0.24,25,6
3620,3,ELF1,3620,1.0,1.6524355351831952,0.6724229525614709,3.413379612009668e-23,2.689354452782374,1.398401661812898,1.0,0.24,25,6
3630,3,ELF1,3630,1.0,1.6524355351831952,0.5444746869896571,3.3878641118319305e-14,2.9962310852611207,1.4262061535476953,1.0,0.24,25,6
4461,3,ZNF281,4461,1.0,1.772578398271819,0.8591128804821903,1.410588564034331e-49,3.348742746120164,2.1119327804397323,1.0,0.2,25,5
4468,3,ZNF281,4468,1.0,1.772578398271819,-0.7419417462992964,2.7989068889445064e-30,-3.5181991051700883,3.0581084657250237,1.0,0.2,25,5
4482,3,ZNF281,4482,1.0,1.772578398271819,-0.28888247601183176,0.00016022214978992223,-2.605331949839776,1.3193503695982598,1.0,0.2,25,5
4464,3,ZNF281,4464,1.0,1.772578398271819,0.701708521620505,6.28313022824126e-26,3.040934582557641,1.5687252395464493,1.0,0.2,25,5
4479,3,ZNF281,4479,1.0,1.772578398271819,0.19237625515671836,0.01302429074533151,3.2308840154003136,1.6240399455155805,1.0,0.2,25,5
5717,3,POU2AF1,5717,-1.0,2.7894454194390725,0.7995894301211379,3.7259587328613586e-38,-5.949337482209085,3.788543035310647,1.0,0.42857142857142855,7,3
5715,3,POU2AF1,5715,-1.0,2.7894454194390725,0.3157098726971031,3.422346913997343e-05,-2.737351475978276,1.592202231001132,1.0,0.42857142857142855,7,3
5714,3,POU2AF1,5714,-1.0,2.7894454194390725,0.5492729765004494,1.8180855799209412e-14,-2.451670977719639,1.3760067931247189,1.0,0.42857142857142855,7,3
2463,3,NR2C2,2463,1.0,1.8121730411580388,0.2522879760741387,0.0010412019927510657,2.758793836403688,1.324203794346426,0.8571428571428571,0.24,25,7
2472,3,NR2C2,2472,1.0,1.8121730411580388,0.3317234096975819,1.2658200519223958e-05,3.205432652500707,1.5470565529364324,0.8571428571428571,0.24,25,7
2481,3,NR2C2,2481,1.0,1.8121730411580388,0.27149425136583355,0.00040283365511745194,3.8276910809456073,1.7845129735468477,0.8571428571428571,0.24,25,7
2461,3,NR2C2,2461,1.0,1.8121730411580388,-0.5591502646404891,4.890962024259702e-15,-2.5610430908687487,1.9108833386276016,0.8571428571428571,0.24,25,7
2464,3,NR2C2,2464,1.0,1.8121730411580388,0.6874133441769256,1.4910823094499917e-24,3.41917010600569,1.9354830214716714,0.8571428571428571,0.24,25,7
2459,3,NR2C2,2459,1.0,1.8121730411580388,0.680744535026333,6.142949519368806e-24,2.8214246069353757,1.7237846640046888,0.8571428571428571,0.24,25,7
1149,3,PITX1,1149,-1.0,1.868138703759207,-0.31668579598743374,3.226213847146333e-05,2.9808877962139033,1.4403614337557484,1.0,0.16,25,4
1159,3,PITX1,1159,-1.0,1.868138703759207,0.3917715499996721,1.7925225336320877e-07,-2.617243415841662,1.321001112729828,1.0,0.16,25,4
1162,3,PITX1,1162,-1.0,1.868138703759207,-0.528692013563235,2.451227154656005e-13,3.258004645502451,1.5762812589248776,1.0,0.16,25,4
1139,3,PITX1,1139,-1.0,1.868138703759207,-0.7058299611073582,2.4342297639337465e-26,3.090207975558977,1.971618843889339,1.0,0.16,25,4
5063,3,FOXJ3,5063,1.0,1.82812012905353,0.6762426953322271,1.564345035364251e-23,2.8242729209105177,1.6852318054665565,0.8571428571428571,0.24,25,7
5086,3,FOXJ3,5086,1.0,1.82812012905353,0.2509447698250815,0.001109772071324718,3.492191861107617,1.6665625411630747,0.8571428571428571,0.24,25,7
5069,3,FOXJ3,5069,1.0,1.82812012905353,0.6665228141744988,1.1137123273453364e-22,3.422589721138664,1.8243099841327524,0.8571428571428571,0.24,25,7
5083,3,FOXJ3,5083,1.0,1.82812012905353,0.3274629273763536,1.6583709518366698e-05,5.29846538409448,3.432560556549775,0.8571428571428571,0.24,25,7
5085,3,FOXJ3,5085,1.0,1.82812012905353,0.26020554728440165,0.0007099843150718266,2.8788796034670208,1.3887657739425723,0.8571428571428571,0.24,25,7
5080,3,FOXJ3,5080,1.0,1.82812012905353,0.4324323969804095,5.953068136729785e-09,2.640712701123251,1.4326279720833837,0.8571428571428571,0.24,25,7
6202,3,GATA6,6202,-1.0,1.5053843065696342,0.33206708160896176,1.238319816153132e-05,-4.2084167140515065,2.5272162382882044,0.3333333333333333,0.08,25,6
6193,3,GATA6,6193,-1.0,1.5053843065696342,0.1353267178676601,0.08214145855511704,-4.311310750105179,2.580335853762642,0.3333333333333333,0.08,25,6
4936,3,ISL2,4936,-1.0,1.894456883952974,-0.09374766349010631,0.22960580135783765,4.603133076949389,2.624431024706844,1.0,0.12,25,3
4934,3,ISL2,4934,-1.0,1.894456883952974,0.32629811570724926,1.784228301539543e-05,-4.089539774858975,2.1759496698064362,1.0,0.12,25,3
4923,3,ISL2,4923,-1.0,1.894456883952974,-0.20469335152258464,0.008158662570792454,2.9932384797833653,1.799809769448611,1.0,0.12,25,3
8739,3,PLAGL1,8739,1.0,1.4876479910211329,-0.13491221281424012,0.08309215968231579,-9.004108570902202,5.750603320267722,1.0,1.0,1,1
2344,3,TBP,2344,1.0,1.8163709853617338,0.34066150284316365,7.0882080928804335e-06,3.048882338951355,1.6210547847982508,1.0,0.24,25,6
2354,3,TBP,2354,1.0,1.8163709853617338,0.5877327491785324,8.477399364432854e-17,5.7311765249382205,3.9754650222428936,1.0,0.24,25,6
2349,3,TBP,2349,1.0,1.8163709853617338,0.30709184041555443,5.712458004148712e-05,4.139977149201507,2.0056735140135085,1.0,0.24,25,6
2341,3,TBP,2341,1.0,1.8163709853617338,0.4557994635045354,6.794835254798075e-10,2.9152475007861764,1.7788453772940984,1.0,0.24,25,6
2352,3,TBP,2352,1.0,1.8163709853617338,0.3358999416282441,9.675386440653458e-06,2.524748946719434,1.372291539927616,1.0,0.24,25,6
2363,3,TBP,2363,1.0,1.8163709853617338,0.31615585914698535,3.331363622472969e-05,4.278031566023861,2.2109306899535195,1.0,0.24,25,6
4549,3,ETV3,4549,1.0,1.7903574657598569,0.09353254061428076,0.23068120227585262,3.032264398363424,2.0566664652933953,0.4,0.09090909090909091,22,5
4546,3,ETV3,4546,1.0,1.7903574657598569,0.7086842743866049,1.2501412153092018e-26,3.1115637955548765,1.9925366984493824,0.4,0.09090909090909091,22,5
4756,3,IRF3,4756,1.0,1.8256301892580096,-0.178524440713316,0.021376676886545883,-4.7068128069601975,2.9514592166783578,0.42857142857142855,0.12,25,7
4757,3,IRF3,4757,1.0,1.8256301892580096,0.3461313954784844,4.926461030048633e-06,3.006678047355198,1.4632696989225078,0.42857142857142855,0.12,25,7
4739,3,IRF3,4739,1.0,1.8256301892580096,-0.2851519305310518,0.0001962635667876098,-4.513943440083268,2.750186123548622,0.42857142857142855,0.12,25,7
1442,3,HIF1A,1442,1.0,1.7920150011554985,0.7104183746417352,8.306648564745682e-27,3.459565135590369,2.7962849492688413,1.0,0.2,5,1
4486,3,RBPJ,4486,1.0,1.823547151372061,0.7013438621114837,6.82768281059908e-26,2.640675951340311,1.5006273883082817,1.0,0.1111111111111111,9,1
4809,3,ELK4,4809,1.0,1.792991251101954,0.5977228456558953,1.8662425110407504e-17,2.78640911151668,1.501561359246367,0.625,0.21739130434782608,23,8
4813,3,ELK4,4813,1.0,1.792991251101954,-0.4642181136084895,2.983795314030929e-10,-2.536638678837556,1.380637098300046,0.625,0.21739130434782608,23,8
4810,3,ELK4,4810,1.0,1.792991251101954,0.03137514674921789,0.6882105020640751,3.877782387687912,1.9405033670413878,0.625,0.21739130434782608,23,8
4796,3,ELK4,4796,1.0,1.792991251101954,0.6642377894812785,1.7480312594066735e-22,2.932749865383683,1.7735600015026491,0.625,0.21739130434782608,23,8
4799,3,ELK4,4799,1.0,1.792991251101954,0.12060129467242953,0.12168191148081525,2.8580063123389303,1.8697904132186256,0.625,0.21739130434782608,23,8
7890,3,TFAP2A,7890,-1.0,2.7747484315315574,-0.30285496914167287,7.306458421446544e-05,4.555636967930459,2.120402169526173,1.0,0.4,25,10
7879,3,TFAP2A,7879,-1.0,2.7747484315315574,-0.36227610496422274,1.6164540857299227e-06,4.410980543532359,2.0407013117503436,1.0,0.4,25,10
7882,3,TFAP2A,7882,-1.0,2.7747484315315574,-0.48432685559876965,3.807960981813608e-11,2.699345985605024,1.3037789141777398,1.0,0.4,25,10
7875,3,TFAP2A,7875,-1.0,2.7747484315315574,0.477642305749946,7.662454039042787e-11,-5.737421810614672,3.9077671574008335,1.0,0.4,25,10
7874,3,TFAP2A,7874,-1.0,2.7747484315315574,-0.3779013714083334,5.179902736883724e-07,2.698331243086973,1.3013663680383274,1.0,0.4,25,10
7872,3,TFAP2A,7872,-1.0,2.7747484315315574,0.20731417777806932,0.007361031802949333,-4.1662534502553275,2.6423140126158713,1.0,0.4,25,10
7878,3,TFAP2A,7878,-1.0,2.7747484315315574,0.42880416603813193,8.218661077511524e-09,-3.253161742647996,1.7194803581002263,1.0,0.4,25,10
7880,3,TFAP2A,7880,-1.0,2.7747484315315574,-0.48463379921427685,3.686294552525465e-11,5.145623820471805,2.500188858668102,1.0,0.4,25,10
7891,3,TFAP2A,7891,-1.0,2.7747484315315574,-0.1180014560145864,0.1299879794796991,2.679252876599784,1.4061540923496196,1.0,0.4,25,10
7883,3,TFAP2A,7883,-1.0,2.7747484315315574,-0.3092719271205672,5.025576659898176e-05,3.75678132286057,1.7882734433703746,1.0,0.4,25,10
996,3,ATF1,996,1.0,1.780354787313707,-0.20453856798997844,0.008208081058206931,-2.670794329446255,1.412252433725761,0.8571428571428571,0.24,25,7
985,3,ATF1,985,1.0,1.780354787313707,0.5520354690400142,1.2648017383992413e-14,2.814230659730738,1.400458550921781,0.8571428571428571,0.24,25,7
977,3,ATF1,977,1.0,1.780354787313707,0.8017432823290987,1.6899980980629432e-38,2.7830203032883616,1.664000717697909,0.8571428571428571,0.24,25,7
999,3,ATF1,999,1.0,1.780354787313707,0.31666480838979216,3.230318090426133e-05,2.8339293267849976,1.4229239792913437,0.8571428571428571,0.24,25,7
992,3,ATF1,992,1.0,1.780354787313707,0.13104262449908508,0.0923996673158481,2.8942700908109043,1.4150807868511046,0.8571428571428571,0.24,25,7
984,3,ATF1,984,1.0,1.780354787313707,0.5974893586321334,1.934601148672219e-17,3.2314350194676127,1.69119885101501,0.8571428571428571,0.24,25,7
