,state
e0594cfe-f7b6-4546-b130-30df6a514b1f,8.0
69aea0db-e335-48a0-a398-4fb0d581182a,1.0
61130dee-e267-49df-8b41-7738a06ef738,5.0
9de1b790-c63c-41c4-9477-ce52a8119c67,1.0
e15ce4ab-5646-49c8-9cd6-938457036bb0,2.0
4e5557ba-10e8-4723-908e-dd04ef6639b2,5.0
be2dca51-1c21-4598-98a7-f2fb9b2dfcb4,5.0
3182dea1-4239-4613-925a-7e6503766ad6,6.0
0aa2bdbb-8720-409a-aa72-1f4aa26e7cd8,1.0
e675aec5-aa9a-4aaa-839c-03e6365822db,5.0
06a4189e-a23b-4ac6-aa74-01955dd7d1e9,3.0
22f4c9d9-663b-4c91-9692-e035a2640bec,7.0
a327de0d-d945-4b42-9b41-a7302cf796ee,6.0
c7fed0f5-c27a-4405-9232-30bf39362cf7,8.0
b4500785-0faa-4d4d-8630-43d194bab004,1.0
153bf804-6dc8-496b-987a-4021a2512211,5.0
5a040a73-cd95-487e-8aef-9639fe4e2916,1.0
eb2d95bc-62f8-4669-9308-d37d7fb79e23,1.0
5ae5d819-a6b1-4761-b7f9-8ffd3c520f31,5.0
a98c7561-1b42-4cd6-ae71-924b91fa4c33,6.0
3e89fb1c-4a7d-43c7-823c-04e3716a7935,8.0
22735dcd-215e-48bc-bf44-32bd66f06e39,5.0
557a0811-a3fe-4cf4-a24d-fbb77e7f9139,2.0
5d1d052e-74ef-45a8-9b1a-7cecd13ea43b,8.0
c1113977-b160-45ee-b061-750f9ea3f33f,5.0
e5d45e53-fcf3-4f01-9b78-6cb1ed0cfe40,1.0
903bf591-b0af-4bee-b625-60b673070344,1.0
8671b51b-dcbe-4429-9f01-af51cad7014f,5.0
06fd3123-2aeb-4911-ac4e-e0e64fd5db52,1.0
87f8a33f-fbc3-469e-862b-84472f796358,1.0
68a3f13d-319d-4603-a27f-b5dd46fe5c5b,3.0
8cbbf32a-8349-44f5-a8b8-4cbb1760a464,1.0
9e85d76a-dd2a-46d5-bb59-0ed302b6258c,8.0
2a1e86e8-4713-465f-acff-c584864c57a1,2.0
f6d5fbba-05c4-4340-86d9-1a54181216a2,3.0
523e2183-aa20-4749-bd7e-69cd620dd6a3,1.0
e553fb92-f181-47b3-9f3d-11db51dfa3a4,5.0
fb3c7c9a-2f2d-4dd5-be47-fafb072c0fab,1.0
b2d4fcf3-fdf9-41c8-880a-6732cf6222af,7.0
441400a9-1427-45e0-a8b4-ef2a6b7465c2,1.0
74868c37-8143-4306-81ca-e45759d146cd,1.0
a192c6c0-1443-4493-afac-1ee710628adb,1.0
c47a53f6-6479-4ad3-9d18-e4a70be5f1dc,1.0
4ded1201-f25c-4f82-babf-965efad7a8e5,6.0
c9794db6-6e8c-4afd-80ee-61d672a4f6e9,8.0
2451d405-39fd-4812-958c-23462b66f1f1,5.0
a1dacb46-ed52-4e38-b2c8-57256bb22b5e,6.0
3366cc3c-2bba-4ca7-848e-4e16aa70ae7a,1.0
e6e3df78-65b9-4f74-8da8-e2a6d4edbea7,7.0
12abe483-66ef-4237-94c4-0199fae23fa8,6.0
5d28a8e0-4ecf-43a4-890a-be968b9a8cb2,1.0
39019903-5b9c-4665-bd5f-7ccb19cb55c5,6.0
1afdc2ea-26a8-44e2-8bcb-f34f7b66f8c8,8.0
86f94264-a6dd-4a97-9191-036f066dd0ef,2.0
78bd2d83-9a7f-42e5-bb38-654aa0761a0a,9.0
a77c2dff-93cf-4cb5-b3c1-81133d7f1a0f,5.0
7ee8f0ce-cdc9-40f9-a1de-7f8140ec6d13,5.0
ec5c7c97-ee8c-405d-a039-d96514b1d414,2.0
b3527517-e339-46ae-8437-65303c309015,10.0
844e4ccd-d30c-416f-a086-8923711a4e25,5.0
0b6d0c4e-5ae3-4707-a9fc-12a108e6ec2a,6.0
cae8097f-a139-4c6e-9e30-35080475ff34,8.0
6cdba203-8952-421d-a6bf-75652d9f3339,5.0
c364e621-f85c-4b7f-842f-210b8d4dfe3a,3.0
5dd8cac7-ec02-43b6-b58e-6d2e22868a3b,5.0
ebd355d1-1226-4dfd-aaff-45d246b64f3c,2.0
97a80af8-365e-4756-a2b0-aeb1d8f5f33e,9.0
79c4e166-4a0d-4811-a2c8-cae0a5aeed42,1.0
5b5029c9-40f5-40d7-a36a-367022ad6a42,2.0
ff00e80a-046d-4233-835e-cdf93403ea43,5.0
b7ac7d5b-14e9-45a7-93b7-226ee508544a,1.0
acfc9f59-78ff-4453-b25f-8834d0eab54a,5.0
22746046-2e99-4ee9-97d2-ba2ea499634c,5.0
1cc32ace-826b-494b-8b89-5bd92327a74d,5.0
d7eae2a7-f9be-4222-a452-b1f83f99cd50,6.0
3e88ec60-b4a8-4259-8bc8-a234800f6955,5.0
18caf708-20b9-4745-9cb3-37ab6e0b3056,8.0
58098f21-7dab-47da-9a41-8d20bf3b9257,8.0
947e99c7-f402-4f1a-a6e9-81bcaaed135a,1.0
f82d5a60-90f9-4ff4-971e-73f7535fe65a,5.0
dcf87f27-2b54-42d9-8d28-5dfee76e2f5b,1.0
87117be1-d328-4972-85da-6672412d8860,8.0
3ce43921-47d5-4394-b9e1-242607775d61,1.0
99a036a2-8343-4d06-8047-d84e96ce4c61,6.0
4c821ad9-a5c9-4a9a-9c5d-363b227f8064,9.0
dbacd3c3-ccb5-4478-ba78-85a0c847ca66,3.0
f1acb2dd-e948-4f88-a249-f1bd1977d667,6.0
ce91f591-6072-4d29-9495-c78961635969,1.0
65c9d28e-303b-40e5-84f0-2507f5457374,5.0
05043aaf-3095-4c61-b5c1-ee9aa9082c75,5.0
73d6ca4b-9a9e-4e52-96c8-ae7f0cc8b276,1.0
8b1d51d6-0b25-4289-81f0-9f95e0258877,1.0
ffe0c4b1-8eec-484a-ab87-3401b71bd081,5.0
a497c423-119f-42fa-bf17-9f6dfd2a5585,1.0
1cd71a4c-1e49-48ef-aa72-cb3c26b4c087,1.0
3b00ba2b-7f7d-4825-8f8d-90f04a5de687,1.0
27fb653a-9e07-44ad-952e-9e4de4ab5891,5.0
3487ae2d-ab1d-4def-ac4b-4b0fcaf8d899,8.0
015e792c-ec1b-49bf-ab07-d82b20c5989a,8.0
39cc4e82-ebc9-472e-8be5-6a3ab178449a,2.0
e8a6871d-67fb-4306-9454-f5e7cdba399a,9.0
b9455a9a-136d-4dc2-9f86-0fc74433589d,5.0
9a28f80a-85f8-40e2-a32b-230ef93b2fa0,6.0
fccdc76f-cb02-4bcd-a616-325f258ddaa4,1.0
c9f2fa0d-1a9f-40b4-bd9b-caf1b3f3d5a7,3.0
ea2dc457-9c74-4b9c-b3fa-5e72199b24a7,1.0
a7772ccd-ffff-49dd-86ed-0bad330ec9b6,5.0
190edb27-4cbc-4e9c-9b67-d51fdab982b7,5.0
c48401f7-2d56-4c6f-9896-c5435d1b44bf,5.0
7340a5ba-e002-448f-aacc-e7a37dbb79c2,4.0
d440f004-a4a4-41b6-bed8-805d67ba01c7,3.0
a30ff708-f7a9-41e4-8ad5-20441650fbc9,3.0
9e327bc8-1d20-4ad8-83f7-fb2d13bca5d0,6.0
5cbddc90-11ec-4e6e-881e-aa9ccfd40fdb,8.0
202b4c76-c840-4db8-953f-ac75a4156fdd,3.0
55299a06-3c1f-45a4-b166-b2c591c0cee2,5.0
cf629c65-585d-476d-b081-3e6e0575fae3,5.0
02475d11-fc81-4e88-944e-173c32dc3fe7,5.0
c797f12c-40d3-4db5-b9ef-a6821bbde4f0,5.0
bc6b92c1-f425-40c5-9941-539bff5fe0fe,10.0
393c8a41-cf45-4ea8-afe3-25a08ab7692a,8.0
e769e41d-5949-42c5-9594-e563c05ace52,2.0
3f6b6d95-0720-42a0-aeb3-89fecae7616a,1.0
a8a6f09c-9812-4457-9a4b-ad41f97b41a3,5.0
0772da48-3a36-422d-b166-ca1691b782c3,1.0
88449d2a-2a25-41a4-b91d-c99b58f8ecd9,9.0
7cd0942e-e39a-43a7-8bac-f25967864901,3.0
38941cf3-9c54-4ba4-a005-cc88ca97d504,1.0
c480f1fb-3100-436c-b0f5-ded63b7a580e,8.0
235a4492-ff80-4aa5-bc71-dff65e1c7411,1.0
fa1a0bce-ee0f-4178-b963-62550e344b14,1.0
690823d9-b9aa-40ef-8302-4ad88bf89d1c,8.0
5ad49f16-e974-4e5d-b1b6-073ecb73a01d,5.0
7a813f60-a41e-4552-990e-f22287654c1d,1.0
b388ca82-5bf7-4bdd-8821-4ec0b213121f,5.0
dac53b0a-8f35-4ea6-bbcc-4cd1c049e11f,8.0
fb0b9483-6302-48c7-be5b-da667e00ae2d,5.0
30d5e255-2ad3-44f3-8983-1b80e4fd3e2d,9.0
25af81c5-b117-466d-ae9f-dd10bcb6af2d,1.0
b7f7f66f-1aed-4199-81c0-5c7fb0dbf438,1.0
30346897-ec77-4153-88a2-d14593c8b741,6.0
bf79e030-47ee-4d08-b910-5685a4bd8b60,6.0
0d4202a3-808e-413f-9bf3-9cfccae0ed61,3.0
c80e6d4b-af21-42f0-8e20-6f7d2e99c062,1.0
80d0af10-1c61-4b67-90c1-7dbf1ef23672,8.0
d2e528ff-aea2-48d7-a60a-4c3e71ea9073,1.0
66237056-ca9a-4c90-af0e-1621feb71578,1.0
5546a779-21db-49f9-8c0d-a1e420088084,1.0
0f00e267-c748-4a71-8b36-03c410641d88,2.0
b4e02660-562f-4eac-8472-cbbd8a577688,8.0
7465b01d-c05e-4fe0-a9fe-182920edc489,5.0
0faacff6-b50c-4bed-9824-b7270654f28d,2.0
134d2d90-7b08-4f20-8a3a-c77643fb208f,2.0
0f3de9ef-19cc-4d14-9a42-1435db537f94,8.0
479cd9bb-ecd7-41d5-b1e4-41132ff7fc95,1.0
6005494f-5d3d-43a3-b3e8-8c91955b2a98,1.0
a2792419-8e16-45fe-a524-17851f34ab9b,8.0
bab786b9-6c20-425d-9886-63a0a092b59b,8.0
4491bf17-b168-4e96-8e09-ef1aec9f5e9d,5.0
22b0bd3b-ee08-4bc7-90b2-01c372a56ba2,5.0
7535f262-9b96-44f6-988c-4c9ebb3ffca9,8.0
cecf7967-862e-428c-bb42-fef553fdb3aa,4.0
53575575-3303-4f8f-b6a8-b42131cfb4ac,2.0
bfb82be8-9dac-4099-8b38-0950308e3eb3,8.0
5a07041c-65eb-4fcd-8940-e90b905061b5,6.0
130ddfad-6ef8-4c80-bd9d-88308a6874bc,6.0
b577def7-2f5c-4876-a7c6-f18d5722b8c0,5.0
3fd52e66-ab76-4079-80db-281a795d1ec0,5.0
6f9c955c-6816-4353-922a-8035b50facc6,3.0
01373725-5d3c-4d9c-aabc-911d53e62bcd,5.0
6783ab5b-f07c-447b-bf13-c34485d246d7,8.0
8031b550-40a9-4a3a-9f7d-cdc052288bd8,5.0
51cb675e-e243-4a07-bf4a-580473d26fda,8.0
46ff25b6-d01d-4ca7-80b7-cec2998c34e1,1.0
4034703a-4da9-4dda-9ca9-e80ffe9ccde6,1.0
ca6cde6d-92de-4259-9e58-a373f2d543ea,2.0
31e28d0b-0e69-4330-82ed-4f1827dc97ea,1.0
3334280b-2a36-4ac7-a021-a76c10e958f0,1.0
42551d05-5ee5-4f91-93a8-32da695d9dfa,5.0
